Categoria,Item,Moneda,Precio
gaming,,$U,34
gaming,Pasta Térmica 1g para CPU,USD,1
gaming,Cable de Poder SATA,$U,100
gaming,Cable Power para Discos Sólidos SATA,,4
gaming,Fan Cooler Deepcool XFan 80mm,,4
gaming,Cable de Poder Schuko 3 Metros,USD,6
gaming,Microfono de pie Xtreme flexible USB NNET,USD,7
gaming,Pasta Térmica Deepcool Z3 para CPU,USD,8
gaming,Fan Cooler Shot Gaming RGB 120mm,USD,350
gaming,Mouse Pad Perseo Alcaeus Tamaño S,,9
gaming,Controlador de Fan Cooler Deepcool hasta 4 Ventiladores,USD,9
gaming,Fan Cooler Deepcool RF 120W NNET,,10
gaming,Fan Cooler Deepcool RF120B Led Azul 120mm,$U,10
gaming,Fan Cooler Marvo Scorpion FN-10 LED 120mm,,10
gaming,Mouse Pad Meetion MT-P100 Longer,USD,10
gaming,Fan Cooler Deepcool CK-11509 para Intel,USD,10
gaming,Teclado Gamer X-Lizzard XZZ-TE-01 RGB USB,USD,10
gaming,Fan Cooler Deepcool RF 120R,USD,10
gaming,Tarjeta de Sonido USB 2.0 XTR,USD,10
gaming,Cooler Deepcool CK-AM209 NNET,USD,11
notebooks,,USD,201
notebooks,"Notebook Dell Latitude 3140 N100 4GB 64GB 11.6"" Win11",,266
notebooks,"Notebook Iview 1430NB Celeron N3350 4GB 64GB 14.1"" IPS Win 10",USD,269
notebooks,"Notebook Lenovo Dualcore 2.8Ghz, 4GB, 64GB eMMC, 14"" HD, Win 11 NNET",USD,319
notebooks,"Notebook Asus X515 Celeron N4020 4GB 128GB SSD 15.6"" Win 11",,350
notebooks,"Notebook Asus X515 Celeron N4020 8GB 128GB SSD 15.6"" Win 11",USD,369
notebooks,"Notebook Chuwi HeroBook Plus Celeron 4020 8GB 256GB 15.6"" Win 11",,389
notebooks,"Notebook HP 240 G9 Celeron 8GB 256GB SSD 14"" Win 11",USD,405
notebooks,"Notebook Gateway GWTN156-7 Core i3 8GB 256GB 15.6"" FHD Win10",USD,498
notebooks,Notebook Asus Vivobook 17 Core i3 8GB 256GB 17.3¨ FHD Win 10,,515
notebooks,"Notebook Asus Vivobook Go 15 Core i3 8GB 256GB 15.6"" FHD Win 11",USD,529
notebooks,"Notebook Lenovo V15 G3 IAP Core i3 8GB 256GB 15.6"" FHD Win 11",,535
notebooks,"Notebook Asus Vivobook GO 15 Ryzen 3 8GB 256GB 15.6"" FHD Win11",USD,549
notebooks,Notebook HP 240 G8 Core i3 8GB 256GB 14¨ HD Win 10,USD,569
notebooks,"Notebook Lenovo V14 Ryzen 5 8GB 256GB 14"" FHD Win 11 Pro",,594
notebooks,"Notebook HP 15-DY2795WM Core i3 8GB 256GB 15.6"" Touch Win 11",USD,599
notebooks,"Notebook Dell Core i3 4.4Ghz, 8GB, 512GB, 15.6"" FHD, Win 11 Pro NNET",,641
notebooks,"Notebook HP 240 G8 Core i5 8GB 256GB 14"" HD Win 11",USD,645
notebooks,"Notebook Asus Vivobook GO 15 Ryzen 5 8GB 256GB 15.6"" FHD Win11",,667
notebooks,"Notebook Dell Inspiron 5620 Ryzen 5 8GB 512GB 15.6"" FHD Win11",USD,669
notebooks,"Notebook Asus Vivobook F515EA Core i5 8GB 512GB 15.6"" Touch Win 11",USD,669
notebooks,"Notebook HP Ryzen 5 Pro 4.0GHz, 16GB, 256GB SSD, 14"" FHD, Win10 Pro c/Dock NNET",,679
notebooks,"Notebook Asus Vivobook GO 15 Ryzen 5 8GB 512GB 15.6"" FHD Win11",USD,685
notebooks,"Notebook Asus Ryzen 5 4.3Ghz, 8GB, 512GB SSD, 15.6"" FHD, Español NNET",,699
notebooks,"Notebook Asus Vivobook F515EA Core i5 12GB 512GB 15.6"" Touch Win 11",USD,709
notebooks,"Notebook Asus Vivobook GO 15 OLED Ryzen 5 8GB 512GB 15.6"" FH Win11",USD,711
notebooks,"Notebook Dell Inspiron 3520 Core i5 8GB 512GB SSD 15.6"" FHD Win11",USD,725
notebooks,"Notebook Acer Ryzen 7 4.3Ghz, 16GB, 512GB SSD, 15.6"" FHD, Win 11 NNET",,726
notebooks,"Notebook Lenovo Core i5 4.5Ghz, 8GB, 512GB SSD, 15.6"" FHD Touch NNET",USD,739
notebooks,Notebook Asus Vivobook 16 Core i5 8GB 512GB 16¨ Win 11,USD,769
notebooks,"Notebook Asus Vivobook GO 15 OLED Ryzen 5 8GB 512GB 15.6"" FHD Win11",,771
notebooks,NOTEBOOK HP 250G9 I5 125U 8GB 512GB,USD,789
notebooks,"Notebook Asus Vivobook F515EA Core i5 20GB 1TB 15.6"" Touch Win 11",USD,792
notebooks,"Notebook ASUS Vivobook GO 15 OLED Ryzen 5 8GB 512GB SSD 15.6""",,839
notebooks,"Notebook Asus Vivobook GO 15 OLED Ryzen 5 16GB 512GB SSD 15.6"" Win11",USD,890
notebooks,"Notebook Lenovo Core i7 4.7Ghz, 8GB, 256GB SSD, 17.3"" HD+, Win 11 NNET",USD,899
notebooks,"Notebook Asus Core i7 4.7Ghz, 16GB, 512GB SSD, 16"" WUXGA NNET",,914
notebooks,"Notebook HP 15-FD002LA Core i3 8GB 256GB 15.6"" Win 11",USD,929
notebooks,NOTEBOOK HP 17.3 I5 13 8 256 NNET,USD,949
notebooks,"Notebook Asus Core i7 4.7Ghz, 8GB, 512GB SSD, 15.6"" FHD, Español NNET",,966
notebooks,"Notebook Lenovo V14 G3 IAP Core i7 16GB 512GB SSD 14"" FHD Win11",USD,976
notebooks,"Notebook Gamer HP Victus Ryzen 5 8GB 512GB SSD 15.6"" RTX2050 4GB Win11",USD,999
notebooks,HP 15-DY5009LA 15 I7 512GB,USD,1039
notebooks,NOTEBOOK HP 17.3 RYZEN 5 8 256 NNET,USD,1049
notebooks,"Notebook MSI Core i7 5.4Ghz, 16GB, 512GB SSD, 15.6"" FHD NNET",,1090
notebooks,"Notebook Lenovo Core i7 5.0Ghz, 16GB, 512GB SSD, 16"" FHD+ Touch NNET",USD,1119
notebooks,"Notebook Asus Zenbook Core Ultra 5 4.5Ghz, 8GB, 512GB SSD, 14"" OLED Touch NNET",USD,1134
notebooks,"Notebook Gamer Asus Vivobook Pro 15 OLED Ryzen 5 16GB 512GB 15.6"" FHD RTX3050 Win11",,1150
notebooks,"Notebook Gamer HP Ryzen 5 4.6Ghz, 16GB, 1TB SSD, 15.6'' FHD, RTX 2050 4GB NNET",USD,1189
notebooks,"Notebook Gamer Asus Core i5 4.5Ghz, 8GB, 512GB SSD, 15.6"" FHD, RTX 3050 4GB NNET",USD,1200
notebooks,"Notebook Gamer HP Core i5 4.4Ghz, 8GB, 512GB SSD, 15.6'' FHD, RTX 3050 6GB NNET",,1215
notebooks,"Notebook Gamer Asus TUF 15 Core i5 8GB 512GB 15,6¨ Win 11",USD,1249
notebooks,"NOTEBOOK TUF R5 8 512G 15.6"" RTX3050 NNET",USD,1250
notebooks,"Notebook Asus Ryzen 7 8GB 512GB SSD 15.6"" FHD 144Hz GTX 1650 Win 11",USD,1399
notebooks,"Notebook HP Probook 450 G10 Core i7 16GB 512GB SSD 15.6"" Win 11 Pro",USD,1449
notebooks,"Notebook Gamer Lenovo Ryzen 7 5.1Ghz, 8GB, 512GB SSD, 15.6"" FHD, RTX 4050 6GB NNET",USD,1449
notebooks,"Notebook Convertible Gamer Asus Ryzen 9 5.2Ghz, 16GB, 512GB SSD, 13.4"" FHD+ Touch, Radeon 780M NNET",USD,1469
notebooks,"Notebook Gamer HP Core i5 4.5Ghz, 16GB, 512GB SSD, 15.6'' FHD, RTX 4050 6GB NNET",USD,1499
notebooks,"NOTEBOOK TUF I7 16 512G 15.6"" RTX3050 NNET",,1500
notebooks,"Notebook HP Convertible Ryzen 7 5.1GHz, 16GB, 1TB SSD, 16"" FHD Touch NNET",USD,1500
notebooks,"Notebook Gamer Asus Ryzen 7 4.8Ghz, 16GB, 512GB SSD, 16"" FHD, RX7700S 8GB NNET",USD,1507
notebooks,"Notebook Gamer MSI Core i7 4.7Ghz, 8GB, 512GB SSD, 15.6"" FHD, RTX 4060 8GB NNET",USD,1576
notebooks,"Notebook Gamer MSI Modern 15 B13M Core i9 32GB 1TB SSD 15.6"" FHD Intel Iris Xe",USD,1599
notebooks,"Notebook Gamer Dell G15 5530 Ryzen 7 16GB 512GB 15.6"" RTX4060 8GB Win11",USD,1600
notebooks,"Notebook Asus Zenbook Core Ultra 7 4.8Ghz, 16GB, 1TB SSD, 14"" OLED Touch NNET",USD,1600
notebooks,"Notebook Lenovo Ryzen 7 4.9Ghz, 32GB, 1TB SSD, 16"" 3K Touch, RTX 3050 4GB NNET",USD,1604
notebooks,"Notebook Gamer Asus Core i9 5.4Ghz, 16GB, 1TB SSD, 15.6"" OLED FHD, ARC A350M 4GB NNET",USD,1615
notebooks,"NOTEBOOK TUF I5 8 512B 17.3"" RTX3050T NNET",USD,1635
notebooks,"Notebook Gamer MSI Delta 15 Ryzen 7 16GB 1TB SSD 15.6"" FHD 240Hz RX6700M 10GB Win10",USD,1645
notebooks,"NOTEBOOK ASUS I5 8 512GB 12.65"" IRIS NNET",USD,1655
notebooks,NOTEBOOK GIGA I5 12500H MFE2LA313SH,USD,1700
notebooks,"Notebook Gamer Gigabyte Core i7 4.7Ghz, 16GB, 512GB SSD, 15.6"" FHD, RTX 4060 8GB NNET",,1786
notebooks,"Notebook Asus Core i9 5.4Ghz, 16GB, 1TB SSD, 15.6"" OLED 2.8K, RTX 3050 6GB NNET",USD,1889
notebooks,NOTEBOOK ASUS I7 16 512GB 12.65 MX450 NNET,USD,1969
notebooks,NOTEBOOK ASUS ZENBOOK 14+12 I7 32 1TB NNET,USD,1979
notebooks,"NOTEBOOK ASUS I7 32 1TB 12.65"" MX450 NNET",USD,2100
notebooks,"Notebook Asus Core i9 5.4Ghz, 16GB, 512GB SSD, 16"" FHD+, RTX 4060 8GB NNET",USD,2300
notebooks,"Notebook Gamer HP Ryzen 7 5.1Ghz, 16GB, 1TB SSD, 16'' FHD, RTX 4070 8GB NNET",USD,2398
notebooks,"Notebook Asus Vivobook 16 Core i9 16GB 1TB SSD 16"" FHD RTX4060 Win 11",USD,2427
notebooks,ASUS I9 32GB 1TB SSD 15.6 RTX4060 8GB NNET,USD,2565
notebooks,"Notebook Gamer Lenovo Legion Pro 5 Core i9 32GB 1TB SSD 16"" RTX4060 8GB Win11",USD,2600
notebooks,"Notebook Gamer Asus Core i7 4.9Ghz, 16GB, 1TB SSD, 15.6"" FHD, RTX 4070 8GB NNET",,2600
notebooks,"Notebook Gamer MSI Core i7 5.2Ghz, 16GB, 1TB SSD, 16"" FHD+, RTX 4060 8GB NNET",USD,2665
notebooks,NOTEBOOK ASUS R9 16GB 1TB GTX 1650 NNET,USD,3100
notebooks,"Notebook Asus Zenbook Duo Core Ultra 7 4.8Ghz, 16GB, 1TB SSD, DUAL 14'' WUXGA Oled Touch NNET",USD,3149
notebooks,"Notebook Asus Zenbook Pro Duo Core i9 5.4Ghz, 32GB, 1TB SSD, 14.5'' 2.8K Oled Touch RTX 4060 8GB NNET",USD,3294
notebooks,"NOTEBOOK ROG I9 16 1TB 16"" RTX 4070 NNET",USD,3329
notebooks,"Notebook Gamer Lenovo Core i9 5.8Ghz, 32GB, 1TB SSD, 16"" WQXGA 240Hz, RTX 4070 8GB NNET",USD,3700
notebooks,"Notebook Gamer MSI Core i9 5.8Ghz, 32GB, 1TB SSD, 17"" QHD+ 240Hz, RTX 4070 8GB NNET",,3795
notebooks,"Notebook Lenovo Yoga Book 9i Core Ultra 7 16GB 1TB SSD 13.3"" Touch Win11",USD,3830
notebooks,"Notebook Gamer Acer Core i9 5.4Ghz, 16GB, 1TB SSD, 16"" QHD 240Hz, RTX 4080 12GB NNET",USD,4000
notebooks,"Notebook Workstation HP Xeon W-11955M 5.0Ghz, 128GB, 8TB SSD, 15.6"" FHD, RTX A4000 8GB, WIN11 Pro NNET",USD,4050
notebooks,"Notebook Gamer Asus ROG Core i9 5.8Ghz, 32GB, 1TB SSD, 16"" QHD+ 240Hz, RTX 4070 8GB NNET",USD,4099
notebooks,"Notebook Gamer HP Core i9 5.4Ghz, 32GB, 1TB SSD, 17.3'' QHD, RTX 4080 12GB NNET",USD,5165
notebooks,"Notebook Gamer Lenovo Core i9 5.8Ghz, 32GB, 2TB SSD, 16"" WQXGA 240Hz, RTX 4090 16GB NNET",USD,5200
notebooks,"Notebook Gamer Lenovo Core i9 5.8Ghz, 32GB, 2TB SSD, 16"" WQXGA 240Hz, RTX 4080 12GB NNET",USD,5569
tecnologia,,USD,2
tecnologia,Tacos Fisher o Tarugos de 80mm x50,USD,3
tecnologia,Cable Micro USB Roca Rude 1 Metro 3A,USD,3
tecnologia,PATCH 3MTS CAT5SE NNET,,159
tecnologia,Cargador USB para Auto Inkax CD-12 2 Puertos 2.1A,$U,4
tecnologia,Pila de Litio Philips CR2032 3V,USD,4
tecnologia,CARGADOR ROCA TO GO 12W 2.4A 2 USB,USD,4
tecnologia,CABLE VENTION BBTBY 2X3.5 M A 1X3.5H,USD,189
tecnologia,Soporte de Celular para Auto Ventosa Roca Mobile SV04,$U,4
tecnologia,Cable de Red Patch Cord Categoría 6E 3 Metros,USD,5
tecnologia,Cable de Datos USB a Tipo C 2 Metros,,5
tecnologia,Cable de Datos Roca Rude Micro USB 3A 2 Metros,,6
tecnologia,Cable Inkax CK-01 USB-C 2.1A,USD,6
tecnologia,Pilas Alcalinas Philips C x2,USD,7
tecnologia,Cable de Datos USB a Tipo C 1 Metros,USD,7
tecnologia,Cable de Datos Roca Rude USB a a Lightning 1 Metro,,280
tecnologia,Soporte para Celular o Tablet Usams ZJ073,USD,299
tecnologia,Cargador Rápido Roca 18W USB QC3.0 sin Cable,USD,300
tecnologia,Cable de Audio y Video RCA 3x3 1.8 Metros,USD,8
tecnologia,Cable de Red Patch Cord Categoría 6E 5 Metros,$U,8
tecnologia,Cargador para Auto Promate Voltrip-I 3.4A con Cable Lightning + USB,$U,8
tecnologia,Cargador Inalámbrico Philips con Carga Rápida 10W,,9
tecnologia,Cable de Red Patch Cord NRG+ Categoría 6E 10 Metros,$U,9
tecnologia,Auriculares Energy Sistem Urban 2 Cableado,USD,9
tecnologia,Auriculares Energy Sistem Urban 2 Cableado,,9
tecnologia,Auriculares Energy Sistem Urban 2 Cableado,USD,9
tecnologia,"Cable de Red Patch Categoría 6E 4,2 Metros",USD,370
tecnologia,Soporte para Celular o Tablet Usams ZJ073,USD,399
tecnologia,Soporte para Celular o Tablet Usams ZJ070,USD,10
tecnologia,Adaptador de Red TP-Link USB a Ethernet RJ45,USD,10
tecnologia,Cable de Red Patch Cord Categoría 6 1.5 Metros,USD,10
tecnologia,Cable de Datos Roca Rude USB a a Lightning 2 Metros,USD,11
tecnologia,Cable de Red Patch Cord NRG+ Categoría 5E 20 Metros,$U,11
tecnologia,Cable USB Inkax CK-01 Micro USB 2.1A 1 metro,$U,11
tecnologia,Cable USB-A LDNIO LS601 Micro USB 2 Metros,USD,449
tecnologia,Soporte para Auto Roca Tipo Pinza para Ventilación,,450
tecnologia,Adaptador KLT-008P USB a RJ-45 Ethernet,USD,450
tecnologia,Auriculares Inalambricos Roca R7M Bluetooth con Estuche,USD,454
tecnologia,Auriculares Klip Xtreme KHS-550 con Micrófono 3.5mm,USD,12
tecnologia,Auriculares JBL Tune 110 Cableado 3.5mm,,12
tecnologia,Switch Tenda S108 8 Puertos RJ45 10/100,USD,12
tecnologia,Cable USB C a Lightning Apple 1 Metro,USD,12
tecnologia,Auriculares Energy Sistem Sport 1 Cableado,$U,12
tecnologia,Pilas Recargables Philips AA 2450mAh x2,$U,13
tecnologia,Pilas Recargables Philips AAA 950mAh x4,$U,13
tecnologia,Auriculares Energy Sistem Sport 1 Cableado,,14
tecnologia,Switch Tp-Link de Escritorio 8 Puertos 10/100Mbps,$U,14
tecnologia,Auriculares JBL Tune 110 con Micrófono Cableado,,14
tecnologia,Adaptador USB Tp-Link T2U NANO AC600,USD,15
tecnologia,Auriculares JBL C50HI Cableado,USD,629
tecnologia,Alargue Regulador de Voltaje Forza FVR-902 8 Tomas de Corriente 220V,USD,16
tecnologia,Auriculares JBL C50HI con Micrófono Cableado 3.5mm,USD,17
tecnologia,Cable de Red Patchcord NGR+ 20 Metros Categoría 6E,USD,17
tecnologia,Parlante Portátil Xion XI-SD90BT Bluetooth,USD,18
tecnologia,Adaptador TP-Link UE306 de USB 3.0 a RJ45,USD,18
tecnologia,Soporte de Carga Inalámbrica Honeycomb DASH-WCS,USD,18
tecnologia,Soporte de Celular para Auto Naztech Clip,USD,19
tecnologia,Adaptador de Red Tp-Link Ue300c USB Tipo C a RJ-45 Gigabit Ethernet,USD,19
tecnologia,Switch Tp-Link SG1005D 5 Puertos RJ45 Gigabit,USD,19
tecnologia,Convertidor de Energía para Auto,$U,19
tecnologia,Adaptador USB Tp-Link T3U NANO AC1300,USD,19
tecnologia,Enchufe Inteligente Schuko Sonoff,USD,799
tecnologia,Cable de Red Patch Cord Categoría 6 10.5 Metros,,20
tecnologia,Auriculares Energy Sistem Smart 2 USB-C,USD,20
tecnologia,Soporte de Celular para Auto Naztech Gancho,USD,22
tecnologia,Switch Tenda SG105 5 Puertos Gigabit RJ45,USD,22
tecnologia,Auriculares Energy Sistem Smart 2 USB-C,USD,889
tecnologia,Adaptador Wifi USB TP-Link Archer T3U Plus Wifi,USD,23
tecnologia,Adaptador para Auto Bluetooth 3.5mm Ugreen,USD,950
tecnologia,Auriculares Inalámbricos Lenovo LP40 Pro con Estuche,USD,24
tecnologia,Adaptador de Red USB TP-Link UE330 con Hub de 3 Puertos USB 3.0,USD,24
tecnologia,Auriculares Cougar Havoc BT,USD,989
tecnologia,Auriculares Inalámbricos Lenovo LP40 Pro con Estuche,$U,25
tecnologia,Cargador Portátil Xiaomi Powerbank 10000 mAh,USD,25
tecnologia,BOBINA CABLE UTP NRG+ 100M CAT5E CCA NNET,USD,25
tecnologia,Auriculares Energy Sistem Fun Vibe Eco Cableado,USD,26
tecnologia,Auriculares Inalámbricas Klip Xtreme Touchbuds con Estuche,USD,27
tecnologia,Auriculares JBL Endurance RUN,,28
tecnologia,Batería UPS NRG+ 12V 7Ah,$U,28
tecnologia,Adaptador de Red TP-LINK UE330 USB a Ethernet + 3 Puertos USB,,29
tecnologia,Auriculares Inalámbricos Klip Xtreme Touchbuds con Estuche,USD,29
tecnologia,Auriculares Inalámbricos Xiaomi Redmi Buds 4 Lite con Estuche,$U,29
tecnologia,Pack de 12 blister de Pilas alcalinas Philips AA X 4 unidades NNET,USD,32
tecnologia,Radio Portátil Microsonic PR16 con AM/FM con Salida para Auriculares,USD,32
tecnologia,Auriculares Inalámbricos Energy Sistem Style 2,$U,33
tecnologia,Auriculares Targus AEH102TT USB con Micrófono,USD,34
tecnologia,Batería UPS Forza FUB-1270 Sellada Recargable 12V 7Ah,USD,34
tecnologia,Auriculares JBL Tune 500 Plegable con Micrófono,,37
tecnologia,Auriculares Inalámbricos Energy Sistem Sport 2 True con Estuche,USD,38
tecnologia,Switch Tenda SG108 8 Puertos Gigabit RJ45,USD,39
tecnologia,UPS Forza Mini 14w USB 5/9/12v,,40
tecnologia,Auriculares Inalámbricos Energy Sistem Sport 2 True con Estuche,USD,41
tecnologia,Parlante Xiaomi Mi Portable Bluetooth,,43
tecnologia,CARGADOR SOLAR HYPERGEAR 10000MAH NNET,USD,44
tecnologia,Auriculares Inalámbricos Klip Xtreme Oasis KNH-050WH Bluetooth,USD,46
tecnologia,Auriculares Inalámbricos Energy Sistem Style 3 con Estuche,USD,46
tecnologia,Auriculares Inalámbricos Energy Sistem Style 3 con Estuche,USD,46
tecnologia,Fuente con Batería 12V 1A Intelbras,USD,47
tecnologia,Parlante Portátil JBL Wind 3S,USD,49
tecnologia,Cargador Portátil Xiaomi PowerBank 18w 20000 MAH 4 puertos,USD,49
tecnologia,Auriculares Inalámbricos Xiaomi Redmi Buds 4 con Estuche,USD,49
tecnologia,Switch TP-Link SG1005P con 5 Puertos RJ45,USD,50
tecnologia,Auriculares Gamer Astro A10,USD,52
tecnologia,Auriculares Inalámbricos JBL Tune 520 Bluetooth,USD,53
tecnologia,Parlante Portátil JBL Go 3 Bluetooth IP67 Inalámbrico,USD,53
tecnologia,Access Point TP-Link Deco M4 Mesh,USD,54
tecnologia,Auriculares Inalámbricos JBL Tune 520 Bluetooth,,54
tecnologia,AURICULAR COUGAR DIVE NNET,USD,55
tecnologia,Auriculares Inalámbricos JBL Tune 520 Bluetooth,USD,57
tecnologia,Bobina de Cable UTP NRG+ Categoría 5e 305 Metros,USD,57
tecnologia,Auriculares Inalámbricos Energy Sistem Style 4 Stone con Estuche,,59
tecnologia,Cable UTP + Cat5E 100 Metros,USD,61
tecnologia,UPS NRG+ 650va 390W con Sistema AVR para Regulación de Voltaje,USD,62
tecnologia,Auriculares Inalámbricos Oraimo FreePods 4 con Estuche,USD,63
tecnologia,Auriculares Inalámbricos JBL Wave Buds con Estuche,USD,65
tecnologia,Auriculares Inalámbricos Energy Sistem Eco Beech Wood con Estuche,,65
tecnologia,Auriculares Inalámbricos JBL Wave Buds con Estuche,USD,65
tecnologia,Auriculares Inalámbricos Xiaomi Redmi Buds 5 con Estuche,USD,65
tecnologia,Extensor de Red WiFi TP-Link RE505X,USD,65
tecnologia,Camara para auto 70mai Smart Dash Cam NNET,USD,67
tecnologia,Switch Cudy GS1005PTS1 con 5 Puertos + 1 Ranura SFP,USD,72
tecnologia,Barra de Sonido Xiaomi Redmi TV,,74
tecnologia,Auriculares Inalámbricos JBL Tune 720BT,USD,75
tecnologia,UPS NRG E2065i 650VA 390W con Sistema AVR y Pantalla LCD,,76
tecnologia,Auriculares JBL Wave 300 Bluetooth con Estuche TWS,USD,77
tecnologia,Auriculares Inalámbricos JBL Wave Buds con Estuche de Carga,USD,77
tecnologia,ROUTER ALCATEL PORTATIL LINKZONE 2 NNET,USD,79
tecnologia,UPS NRG+ 850va 510w con Pantalla LCD,USD,80
tecnologia,Auriculares Inalámbricos JBL Wave Flex BT con Estuche de Carga,,80
tecnologia,Auriculares Inalámbricos JBL Tune 720BT,USD,80
tecnologia,Extensor de Red WiFi TP-Link RE605X,USD,88
tecnologia,Router Tp-Link Archer C7 AC1750 Wi-Fi Dual Band,USD,89
tecnologia,Auriculares Inalámbricos JBL Wave Flex BT con Estuche de Carga,USD,89
tecnologia,Auriculares Xiaomi Buds 3 Bluetooth TWS con Estuche de Carga,USD,92
tecnologia,"Pantalla para Proyector 90"" con Carcasa de Aluminio",,98
tecnologia,Auriculares Inalámbricos JBL Endurance Race,USD,99
tecnologia,Auriculares Inalámbricos JBL Endurance Race,,105
tecnologia,Auriculares Inalámbricos Xiaomi Redmi Buds 5 Pro con Estuche,USD,107
tecnologia,Auriculares Inalámbricos JBL Tune 770NC,USD,109
tecnologia,UPS Forza SL-602UL 600VA 360W con 3 Toma Corrientes Italianos Display Digital,,109
tecnologia,Auriculares Xiaomi Redmi Buds 4 Pro con Estuche,USD,109
tecnologia,Auriculares Inalámbricos JBL Tune 770NC,USD,115
tecnologia,Auriculares Inalámbricos JBL Tune Flex,USD,116
tecnologia,Proyector Xiaomi Wanbo X1 Mini,USD,116
tecnologia,Auriculares Inalámbricos JBL Tune Flex TWS,USD,119
tecnologia,UPS NRG+ EA2120i 1200va 720w 7Ah con Sistema AVR y Pantalla LCD,,124
tecnologia,Switch TP-Link SG1008MP con 8 Puertos PoE,USD,131
tecnologia,Cámara Extrema Kodak Pixpro 1080P 360 WIFI,,133
tecnologia,UPS FORZA 750VA 450W AC220 12 CHILE NNET,USD,135
tecnologia,Parlante Portátil JBL Flip 6,USD,135
tecnologia,WALKIE TALKIE MOTOROLA T210 NNET,,142
tecnologia,Switch TP-Link 24 Puertos Gigabit,USD,147
tecnologia,Proyector Xiaomi Wanbo Mini Pro Wifi NNET,USD,149
tecnologia,Parlante Portátil JBL Flip 6 Bluetooth 20W,USD,152
tecnologia,"Pantalla para Proyector OSK-M 120"" Compacta",,152
tecnologia,Cámara Instantánea Fujifilm Instax Mini 12,USD,157
tecnologia,Auriculares Inalámbricos LG Tone Free HBS-FN4,USD,158
tecnologia,Auriculares Inalámbricos JBL Endurance Peak 3,,159
tecnologia,PARLANTE JBL FLIP 6 AZUL,USD,159
tecnologia,ACCES POINT UBIQUITI AP-AC LITE,USD,160
tecnologia,Cable UTP NRG+ Cat6 305 metros - cobre NNET,USD,161
tecnologia,Cámara Instantánea Fujifilm Instax Mini 12,USD,161
tecnologia,Cámara Instantánea Fujifilm Instax Mini 12,USD,161
tecnologia,Cámara Instantánea Fujifilm Instax Mini 12,USD,161
tecnologia,Cámara Instantánea Fujifilm Instax Mini 12,,165
tecnologia,Combo Gamer Logitech Auriculares G435 + Mouse G305,USD,175
tecnologia,"Switch TP-LINK TL-SG2210MP | 8 Puertos Gigabit POE+ at/af, 2 SFP NNET",,177
tecnologia,Cámara Instantánea Fujifilm Instax Mini 12 con Papel Instax,USD,182
tecnologia,WALKIE TALKIE MOTOROLA T470 NNET,USD,187
tecnologia,UPS FORZA HT-1002LCD-C INT 1 NNET,USD,187
tecnologia,UPS NRG+ 1000va 800w con Pantalla LCD,USD,189
tecnologia,PARLANTE PHILIPS INALAMBRICO TAW6205 NNET,USD,193
tecnologia,Parlante Aiwa 500W PMPO Bluetooth,,199
tecnologia,Parlante Portátil JBL Charge 5 Bluetooth IP67,USD,203
tecnologia,Cámara para auto 70Mai Dash Cam A800S 4K NNET,USD,207
tecnologia,Access Point TP-Link Deco X68 AX3600 Mesh WiFi Pack x1,USD,219
tecnologia,Tocadiscos Audio Technica AT-LP60,,226
tecnologia,Bobina de Cable UTP Nexans Categoría 6 305 Metros,USD,227
tecnologia,Bobina de Cable UTP VF Categoría 6 305 Metros,USD,240
tecnologia,Access Point TP-Link Deco X20 Mesh AX1800 (Pack x3),USD,245
tecnologia,DECO UBIQUITI UNIFI UAP-AC-PRO AP,USD,259
tecnologia,UPS NRG+ EA620 1600W con Pantalla LCD,USD,279
tecnologia,Controlador DJ Numark Party Mix Live,USD,293
tecnologia,UPS FORZA 1500VA 840W USB NNET,USD,293
tecnologia,CAMARA DIGITAL FUJIFILM INSTAX SQUARE NNET,USD,304
tecnologia,ACCESS POINT UBIQUITI 2.4G U6-LR,USD,325
tecnologia,Proyector Vivibright F40UP 4K 4800 Lúmenes,,334
tecnologia,UPS Forza Interactiva 2200VA 1200W con 4 Tomas tipo Italiano,USD,342
tecnologia,MINICOMPONENTE LG XBOOM OL45 BT 220W,USD,356
tecnologia,UPS NRG+ 3000va / 2400w con pantalla LCD NNET,USD,364
tecnologia,"Access Point TP-LINK Deco XE75 (Pack x2) | AXE5400, WiFi 6E, Mesh NNET",USD,367
tecnologia,PROYECTOR XIAOMI WANBO T6 MAX 16 2GB NNET,USD,417
tecnologia,MINICOMPONENTE LG XBOOM CJ45 720W BT,USD,426
tecnologia,Proyector Xiaomi Wanbo TT Linux,USD,449
tecnologia,Proyector Xiaomi Wanbo Mozart 1 NNET,USD,458
tecnologia,Parlante LG XBOOM RN5 Bluetooth,,481
tecnologia,MINICOMPONENTE LG XBOOM CL65 BT 950W,USD,539
tecnologia,ACCES POINT UBIQUITI U6,USD,539
tecnologia,Proyector Wanbo Mozart 1 Pro NNET,USD,551
tecnologia,ACCES POINT UBIQUITI UAP-AC-HD WIFI5 NNET,USD,556
tecnologia,Parlante LG XBOOM RN7 Bluetooth,USD,597
tecnologia,Proyector ViewSonic PA503S SVGA 3800 Lúmens,USD,627
tecnologia,Proyector Epson E20 3LCD,,647
tecnologia,Proyector ViewSonic PA700S SVGA 4500 Lúmenes,USD,705
tecnologia,Camara Canon EOS 4000D lente 18-55mm WiFi NNET,USD,748
tecnologia,Cámara Canon EOS Rebel T100 WiFi con Lente 18-55mm,USD,749
tecnologia,Proyector Vivibright H1 720p Led 6500 lúmenes Android,,804
tecnologia,Proyector ViewSonic PA503W WXGA 3600 Lúmens,USD,844
tecnologia,Cámara Canon EOS R100 24.2MP 15-45mm,USD,859
tecnologia,Proyector ViewSonic PA700W WXGA 4500 Lúmenes,USD,865
tecnologia,MINICOMPONENTE LG XBOOM CL88 BT 2900W,USD,999
tecnologia,Proyector ViewSonic PS502W WXGA 4000 Lúmens,USD,1112
tecnologia,Proyector ViewSonic PX701HDH FHD 3500 Lúmens,USD,1337
tecnologia,Cámara Canon Eos Rebel SL3 Lente EF-S 18-5 4k,,1366
tecnologia,CAMARA CANON EOS R50 4K NNET,USD,1370
tecnologia,Proyector ViewSonic PG706HD FHD 4000 Lúmenes,USD,1549
tecnologia,Proyector ViewSonic LS610WH WXGA 4000 Lúmenes,USD,1700
tecnologia,Proyector ViewSonic PX701-4K 4K 3200 Lúmenes,USD,1708
tecnologia,"Camara Nikon D5600, 24mp, lente 18-55, Wifi, reflex profesional NNET",USD,1845
tecnologia,Proyector ViewSonic LS610HDH FHD 4000 Lúmens,,1928
tecnologia,Cámara Nikon D610 24.3MP sin Objetivo,USD,1945
tecnologia,MINICOMPONENTE LG XBOOM CK99 BT 5000W,USD,1957
tecnologia,Cámara Canon EOS R10 CMOS 18-45mm,USD,2400
informatica-tecno-hardware,,USD,1
informatica-tecno-hardware,Splitter de Audio 3.5mm,USD,2
informatica-tecno-hardware,CABLE AUXILIAR ROCA 3.5MM A 3.5MM 1M,$U,99
informatica-tecno-hardware,Cable de Poder 2 en linea a Tipo 8 1.5 Metros,$U,100
informatica-tecno-hardware,Cable Poder 3 en linea 1.2 metros,USD,2
informatica-tecno-hardware,Adaptador USB Xtreme USB C Macho a Hembra,USD,3
informatica-tecno-hardware,Cable de Poder PC 2 en Línea,USD,3
informatica-tecno-hardware,Mouse Xtech 3D XTM-195,,159
informatica-tecno-hardware,Adaptador Xtreme HDMI Macho a Hembra 90 Grados,,4
informatica-tecno-hardware,Cinta de Impresión Epson ERC-38B Negro,,5
informatica-tecno-hardware,Cable de Poder Schuko 1 Metro,$U,5
informatica-tecno-hardware,Mouse Genius DX-101,USD,6
informatica-tecno-hardware,Memoria Kingston Canvas MicroSD 32GB,USD,6
informatica-tecno-hardware,Cable Power Xtreme Mickey 3 en línea 1.2 metros,USD,6
informatica-tecno-hardware,Cable USB 2.0 para Impresora Multifunción 1.5 metros,USD,6
informatica-tecno-hardware,Papel Autor A4 500 Hojas de 75g,USD,7
informatica-tecno-hardware,Memoria Kingston Canvas MicroSD 64GB,USD,7
informatica-tecno-hardware,Adaptador Xtreme HDMI tipo T a mini HDMI + micro HDMI,USD,7
informatica-tecno-hardware,CABLE USB 2.0 3M IMPRESORA NNET,USD,8
informatica-tecno-hardware,Mouse Logitech M90,USD,8
informatica-tecno-hardware,Pendrive Kingston 64GB DataTraveler Exodia USB 3.2,USD,8
informatica-tecno-hardware,Cable HDMI Xtreme Macho a Macho 3 Metros,USD,8
informatica-tecno-hardware,Papel Fotográfico Wox Glossy A4 240 gr 20 Hojas,USD,8
informatica-tecno-hardware,Cable USB 2.0 para Impresoras Multifunción 5 Metros,USD,8
informatica-tecno-hardware,Cable HDMI Macho a Macho 1.5 Metros,USD,8
informatica-tecno-hardware,Papel Chamex Oficio 500 Hojas de 75g,USD,8
informatica-tecno-hardware,Adaptador USB C Macho a USB A 3.0 Hembra Anbyte,USD,342
informatica-tecno-hardware,Mouse Inalámbrico Genius NX-7000,USD,9
informatica-tecno-hardware,Mouse Logitech M110 Silent,USD,9
informatica-tecno-hardware,Memoria Ram 4GB DDR4 3200MHz SODIMM,$U,9
informatica-tecno-hardware,Teclado Xtreme español negro USB NNET,USD,9
informatica-tecno-hardware,Cable HDMI Xtreme 1.5 metros Mini a macho,USD,9
informatica-tecno-hardware,Cable VGA para Monitor 3 metros con Filtros,USD,9
informatica-tecno-hardware,Mouse Genius DX-110,USD,10
informatica-tecno-hardware,Cable USB OTG a Micro USB,USD,10
informatica-tecno-hardware,Adaptador Splitter de Cables Power para Cámaras CCTV 1 a 8,USD,10
informatica-tecno-hardware,Pendrive Kingston DataTraveler 70 64GB USB-C 3.2,USD,10
informatica-tecno-hardware,Memoria Adata Premier Clase 10 MicroSD 32GB,,10
informatica-tecno-hardware,Cable USB 2.0 Extensión 3 Metros,USD,10
informatica-tecno-hardware,Adaptador Unión Xtreme HDMI Hembra a Hembra,,10
informatica-tecno-hardware,Precinto Plástico 2.5mm x 200 Unidades,USD,10
informatica-tecno-hardware,Precinto Plástico 2.5mm x 100 Unidades,USD,10
informatica-tecno-hardware,Cable Audio Estéreo Spica a 2 RCA,USD,400
informatica-tecno-hardware,Cable Audio Conector 3.5mm 1.5 Metros,USD,400
informatica-tecno-hardware,Adaptador CD ROM Slim a IDE,USD,10
informatica-tecno-hardware,Sticker en Español para Teclado Notebook,USD,10
informatica-tecno-hardware,Mouse Logitech M110 Silent,USD,10
informatica-tecno-hardware,Cable USB 3.0 para Impresora 1.8 Metros,$U,10
informatica-tecno-hardware,Mouse Inalámbrico Genius NX-7000,$U,10
informatica-tecno-hardware,Precinto Plástico 2.5mm x 200 Unidades,USD,11
informatica-tecno-hardware,Hub USB 2.0 Trust Halyx 4 Puertos Aluminio,USD,11
informatica-tecno-hardware,Cable HDMI Macho a Macho 1.5 Metros 4K con Filtros,USD,11
informatica-tecno-hardware,Adaptador DVI-I Macho a VGA Hembra,USD,11
informatica-tecno-hardware,Mouse Logitech M110 Silent,USD,11
informatica-tecno-hardware,Mouse Logitech M110 Silent,USD,450
informatica-tecno-hardware,Adaptador de Ficha Universal Minwa 2 en línea,USD,12
informatica-tecno-hardware,Kit Limpieza para Notebook y Monitores LCD,USD,12
informatica-tecno-hardware,Mini Teclado Inalámbrico PTV-i8A con Touchpad,USD,12
informatica-tecno-hardware,Cable HDMI Macho a Macho 5 Metros,USD,12
informatica-tecno-hardware,Splitter de Audio 3.5mm con Cable,$U,12
informatica-tecno-hardware,"Soporte Plegable para Notebook de 10"" hasta 15""",USD,13
informatica-tecno-hardware,Teclado Logitech K120 Cableado Usb Silencioso Negro,USD,13
informatica-tecno-hardware,Mouse Inalámbrico Logitech M185,USD,13
informatica-tecno-hardware,Pendrive Kingston DataTraveler 70 128GB USB-C 3.2,USD,13
informatica-tecno-hardware,Aire Comprimido Manhattan 8 Oz 226grs,USD,13
informatica-tecno-hardware,Memoria Ram 4GB DDR4 2666MHz SODIMM,USD,13
informatica-tecno-hardware,Pendrive Kingston Data Traveler Exodia M 64GB USB 3.2,,13
informatica-tecno-hardware,"Funda para Notebook Klip Xtreme KNS-120 hasta 15.6""",USD,14
informatica-tecno-hardware,Memoria Kingston Canvas Select  MicroSD 128GB,,14
informatica-tecno-hardware,Pendrive Kingston DataTraveler Exodia 128GB USB 3.2,USD,14
informatica-tecno-hardware,Mouse Inalámbrico Genius NX-7000,USD,14
informatica-tecno-hardware,"Adaptador Ugreen USB 3.0 a SATA para Discos 2.5"" SSD HDD",,570
informatica-tecno-hardware,Parlante Genius modelo SP Q160 6W Gris sonido stereo calidad,USD,15
informatica-tecno-hardware,Mouse Inalámbrico Genius NX-7010,USD,15
informatica-tecno-hardware,Tinta Epson Ecotank T6644 Color Yellow 70ml 6500 Páginas,USD,15
informatica-tecno-hardware,Tinta Epson Ecotank T6642 Color Cyan 70ml 6500 Páginas,,15
informatica-tecno-hardware,Cartucho de Tinta Epson 195 Negro para XP-201 XP-211,USD,15
informatica-tecno-hardware,Adaptador de HDMI Macho a VGA Hembra con Audio 3.5mm,USD,15
informatica-tecno-hardware,Adaptador Hub HDMI Inkax PA-05 Resolución 4K,USD,15
informatica-tecno-hardware,Cable HDMI Macho a HDMI Macho 4K 3 Metros,USD,15
informatica-tecno-hardware,Tinta Epson T5042 Cyan 70ml 6000 páginas,,15
informatica-tecno-hardware,Tinta Epson T5042 Magenta 70ml 6000 páginas,$U,15
informatica-tecno-hardware,Tinta Epson T5042 Amarillo 70ml 6000 páginas,,15
informatica-tecno-hardware,"Funda para Notebook BlueCase LSN-K307 hasta 15.6""",USD,15
informatica-tecno-hardware,"Funda para Notebook BlueCase LSN-K307 hasta 15.6""",USD,15
informatica-tecno-hardware,Cartucho Epson 206 Cian Xp 2101 150 Copias,USD,16
informatica-tecno-hardware,Tinta Epson Ecotank T6643 Magenta 70ml 6500 Páginas,USD,16
informatica-tecno-hardware,Tinta Epson 664 Negro para L110 L210 L355,USD,16
informatica-tecno-hardware,Tinta Epson T544 Amarillo 65ml 5000 Páginas,USD,16
informatica-tecno-hardware,Tinta Epson T544 Magenta 65ml 5000 Páginas,USD,16
informatica-tecno-hardware,"Adaptador USB a SATA o IDE de 2.5"" 3.5""",,16
informatica-tecno-hardware,Tinta Epson T544 Cyan 65ml 5000 Páginas,USD,17
informatica-tecno-hardware,Mouse Inalámbrico Logitech M280,,17
informatica-tecno-hardware,Cartucho Epson 206 Magenta Xp 2101 150 Copias,USD,17
informatica-tecno-hardware,Cartucho Epson 206 Amarillo Xp 2101 150 Copias,,17
informatica-tecno-hardware,Cable HDMI Macho a Macho 5 Metros Con Filtros,USD,17
informatica-tecno-hardware,Combo Genius KM-170 teclado y mouse usb NNET,USD,17
informatica-tecno-hardware,Hub Tp-Link UH400 4 Puertos Tipo A USB 3.0,USD,17
informatica-tecno-hardware,Botella de Tinta Epson T5541 Negro 65ml,USD,17
informatica-tecno-hardware,"Funda para Notebook KlipXtreme KNS-420 hasta 15.6""",,17
informatica-tecno-hardware,Mochila para Notebook X-tech Durham hasta 15.6¨,,17
informatica-tecno-hardware,Adaptador de Sonido Externo USB Ugreen CM129,USD,18
informatica-tecno-hardware,Cartucho Original Hp 664 Negro,USD,18
informatica-tecno-hardware,Combo Teclado + Mouse Logitech Mk120,USD,18
informatica-tecno-hardware,Cartucho Epson 206 Negro Xp 2101 150 Copias,USD,18
informatica-tecno-hardware,Cartucho de Tinta HP 662 Tricolor Original 100 Copias,USD,18
informatica-tecno-hardware,Mochila para Notebook Antirrobo con Puerto USB,USD,18
informatica-tecno-hardware,"Funda para Notebook Klip Xtreme Square Pro KNS-420 hasta 15.6""",USD,18
informatica-tecno-hardware,CABLE VGA M/M 10M NEGRO NNET,,18
informatica-tecno-hardware,"Funda para Notebook Klip Xtreme KNS-120 hasta 15.6""",USD,18
informatica-tecno-hardware,ADAPTADOR TP LINK POE TL-POE2412G NNET,,18
informatica-tecno-hardware,FUNDA NOTEBOOK KLIP KNS-120GR 15.6,USD,742
informatica-tecno-hardware,Mouse Mini Inalámbrico Logitech M187,,750
informatica-tecno-hardware,Mouse Mini Inalámbrico Logitech M187,USD,19
informatica-tecno-hardware,Cartucho Original Epson T2961 Negro NNET,,19
informatica-tecno-hardware,Cartucho de Tinta Epson T2963 Magenta 4ml para XP-231,USD,19
informatica-tecno-hardware,Parlante Logitech S-150 1.2W RMS USB,,19
informatica-tecno-hardware,Mouse Inalámbrico Logitech M280,USD,19
informatica-tecno-hardware,Cartucho de Tinta HP 667 Tricolor 100 Páginas,,19
informatica-tecno-hardware,Mouse Inalámbrico Logitech M280,USD,19
informatica-tecno-hardware,Mouse Mini Inalámbrico Logitech M187,USD,19
informatica-tecno-hardware,TINTA CANON GI190BK 135ML 6000C NEGR,USD,19
informatica-tecno-hardware,"Gabinete Externo para Discos 2.5"" USB 3.0 SATA",USD,19
informatica-tecno-hardware,Mouse Inalámbrico Logitech M240 Silent,USD,19
informatica-tecno-hardware,Mouse Inalámbrico Logitech M240 Silent,,19
informatica-tecno-hardware,"Funda para Notebook Klip Xtreme KSN-115 hasta 15.6"" Reversible",,19
informatica-tecno-hardware,Pendrive Kingston Data Traveler Exodia M 128GB USB 3.2,USD,19
informatica-tecno-hardware,TINTA CANON GI190CY 135ML 6000C CYA,,19
informatica-tecno-hardware,Hub Ugreen CR133 con 4 Puertos USB 3.0,USD,19
informatica-tecno-hardware,Cartucho toner Samsung T111 para m2020w y m2070W NNET,,764
informatica-tecno-hardware,Cartucho Original Epson T2962 Cyan 250 copias,USD,764
informatica-tecno-hardware,Cartucho Original Epson T2964 Yelow,,799
informatica-tecno-hardware,Tinta Epson T5041 Negro 127ml 6000 Páginas,USD,20
informatica-tecno-hardware,Cable USB C Manhattan Macho a Macho 3 Metros,,20
informatica-tecno-hardware,Cable USB-C 3.1 Manhattan de Extensión 50 cm,USD,20
informatica-tecno-hardware,Mouse Inalámbrico Logitech M280,USD,20
informatica-tecno-hardware,Mouse Inalámbrico Genius Ergo 8250S,USD,20
informatica-tecno-hardware,Mouse Mini Inalámbrico Logitech M187,USD,20
informatica-tecno-hardware,"Bandeja para Notebook Meetion CP3030 hasta 15.6""",USD,20
informatica-tecno-hardware,"Funda para Notebook Klip Xtreme KNS-120BK hasta 15.6""",$U,20
informatica-tecno-hardware,Cartucho de Tinta HP 662 Negro Original,,21
informatica-tecno-hardware,Cable HDMI macho/macho 5m FULL HD NNET,,21
informatica-tecno-hardware,Parlante Genius SP-HF180 6W Interfaz USB,$U,21
informatica-tecno-hardware,Cartucho de Tinta HP 667 Negro 120 Páginas,USD,21
informatica-tecno-hardware,Parlante Genius SP-HF180 Activo 6W USB Madera,,21
informatica-tecno-hardware,Parlantes X-Lizzard USB 3W Gamer RGB,USD,21
informatica-tecno-hardware,"Funda para Notebook BlueCase LSN-K307 hasta 15.6""",,21
informatica-tecno-hardware,"Mochila para Notebook BlueCase LSB10280-1R4 hasta 15.6""",USD,21
informatica-tecno-hardware,Parlante Genius SP-Q160 6W,,22
informatica-tecno-hardware,Toner Compatible HP Universal Magenta Rendimiento 2600 Páginas,USD,880
informatica-tecno-hardware,Adaptador Ugreen Lightning A 3.5mm para iPhone y para Auto,,22
informatica-tecno-hardware,Tóner Atom MLTD104S Compatible con Samsung ML-1660/1665 SCX-3200/3205W,USD,22
informatica-tecno-hardware,Memoria Ram 4GB DDR3L Hikvision 1600MHz SODIMM,,22
informatica-tecno-hardware,Cartucho de Tinta HP 664 Advantage Tricolor,USD,22
informatica-tecno-hardware,Adaptador de DisplayPort a VGA,,22
informatica-tecno-hardware,Mouse Inalámbrico Logitech M240 Silent,USD,22
informatica-tecno-hardware,Funda para Notebook Trust 21248 hasta 15.6¨,USD,22
informatica-tecno-hardware,Pendrive Kingston DataTraveler Exodia Onyx 128GB USB 3.2,USD,22
informatica-tecno-hardware,Bolso para Notebook Trust Primo 21551 hasta 16¨,USD,23
informatica-tecno-hardware,Cargador Notebook Universal Targus con 6 punteros + Mini USB,USD,23
informatica-tecno-hardware,"Funda para Notebook Klip Xtreme Square Pro KNS-420 hasta 15.6""",USD,23
informatica-tecno-hardware,Mouse Mini Inalámbrico Logitech M187,USD,24
informatica-tecno-hardware,Auriculares Logitech H111,USD,25
informatica-tecno-hardware,Combo Inalámbrico Teclado + Mouse Genius KM-8200,USD,25
informatica-tecno-hardware,Pendrive Kingston Data Traveler Exodia 256GB USB 3.2,USD,25
informatica-tecno-hardware,Cartucho de Tinta HP 670 Color Magenta Deskjet,,25
informatica-tecno-hardware,Memoria Ram 8GB DDR3 HikSemi 1600MHz,$U,25
informatica-tecno-hardware,"Funda para Notebook Case Logic Reflect Sleeve hasta 14""",,25
informatica-tecno-hardware,Dock Station Inkax 4-IN-1 con Puertos HDMI USB USB-C,,25
informatica-tecno-hardware,Mouse Gamer Logitech G203 RGB Lightsync,$U,25
informatica-tecno-hardware,Cable HDMI Ugreen Macho a Macho 8 Metros,,26
informatica-tecno-hardware,Combo Inalámbrico Teclado + Mouse Logitech Mk220,,26
informatica-tecno-hardware,Auriculares Logitech H151,$U,26
informatica-tecno-hardware,Memoria Kingston Select Plus MicroSD 256GB,USD,27
informatica-tecno-hardware,Combo Inalámbrico Teclado + Mouse Logitech MK235,,27
informatica-tecno-hardware,Cámara Web Genius Facecam 1000X 720p HD con Micrófono,USD,27
informatica-tecno-hardware,Hub USB Targus 4 puertos USB 3.0 NNET,,27
informatica-tecno-hardware,"Bolso para Notebook Klip Xtreme KNC-040 hasta 15.6""",USD,27
informatica-tecno-hardware,"Mochila para Notebook BlueCase LSB9871R4 hasta 15.6""",,27
informatica-tecno-hardware,"Mochila para Notebook BlueCase LSB10108R3 hasta 15.6""",USD,27
informatica-tecno-hardware,Memoria Ram 8GB DDR4 Redline 3200MHz SODIMM,USD,28
informatica-tecno-hardware,"Bolso para Notebook BlueCase LSM8556 hasta 15.6""",USD,28
informatica-tecno-hardware,Mochila Gaston Luga Kampis,USD,28
informatica-tecno-hardware,"Mochila para Notebook HP Essential hasta 15.6""",USD,1123
informatica-tecno-hardware,MOCHILA HP WINGS BACKPACKS 1D0M4PA NNET,USD,29
informatica-tecno-hardware,Mouse Gamer Logitech G203 RGB Lightsync,,29
informatica-tecno-hardware,Mouse Gamer Logitech G203 RGB Lightsync,USD,29
informatica-tecno-hardware,Memoria Ram 8GB DDR3L Hiksemi 1600MHz SODIMM,USD,29
informatica-tecno-hardware,Mochila Gaston Luga Parlan 3104,,29
informatica-tecno-hardware,"Bolso para Notebook Gaston Luga Tåte 9104 hasta 13""",USD,29
informatica-tecno-hardware,Mouse Inalámbrico Logitech Pebble 2 M350s,USD,29
informatica-tecno-hardware,Mouse Inalámbrico Logitech M350S Pebble 2,USD,29
informatica-tecno-hardware,Mochila Gaston Luga Parlan,USD,29
informatica-tecno-hardware,"Bolso para Notebook HP Executive hasta 14.1""",USD,29
informatica-tecno-hardware,"Mochila para Notebook HP Recycled hasta 15.6""",USD,29
informatica-tecno-hardware,"Gabinete Externo Ugreen para Discos 2.5"" SATA USB 3.1",,30
informatica-tecno-hardware,"Funda para Notebook Case Logic LAPS111 hasta 11.6""",$U,30
informatica-tecno-hardware,Mochila Gaston Luga Lillen,USD,30
informatica-tecno-hardware,Mochila Gaston Luga Classy,USD,30
informatica-tecno-hardware,"Bolso para Notebook Klip Xtreme Amalfi hasta 15.6""",USD,31
informatica-tecno-hardware,Mochila Case Logic Commence,USD,32
informatica-tecno-hardware,Bolso para Notebook Klip Xtreme Amalfi hasta 15.6”,USD,32
informatica-tecno-hardware,"Mochila Case Logic Commence hasta 15.6""",USD,32
informatica-tecno-hardware,TABLET XIAOMI PIZARRA LCD 13 NNET,,32
informatica-tecno-hardware,"Bolso para Notebook Klip Xtreme Capri hasta 15.6""",USD,32
informatica-tecno-hardware,Mochila Gaston Luga Bastis,USD,32
informatica-tecno-hardware,Mochila Gaston Luga Bastis,USD,33
informatica-tecno-hardware,Parlantes Genius SP-HF380BT 3W RMS Bluetooth Madera,,33
informatica-tecno-hardware,Papel Fujifilm Instax Mini Instan x20,USD,33
informatica-tecno-hardware,Parlantes Edifier 2.0 R12U negro NNET,USD,33
informatica-tecno-hardware,Parlantes Edifier 2.0 R12U rojo NNET,USD,33
informatica-tecno-hardware,Parlantes Edifier 2.0 R12U blanco NNET,USD,33
informatica-tecno-hardware,Mochila Gaston Luga Classy,,33
informatica-tecno-hardware,Toner Compatible Samsung 2165/3405 Rendimiento 1500 Páginas,USD,34
informatica-tecno-hardware,Teclado Inalámbrico Logitech K400 Plus con Touchpad,USD,34
informatica-tecno-hardware,"Bolso para Notebook BlueCase LSM10080-1 hasta 15.6""",USD,34
informatica-tecno-hardware,"Mochila para Notebook HP Prelude hasta 15.6""",USD,34
informatica-tecno-hardware,Mochila Case Logic Commence,USD,34
informatica-tecno-hardware,"Mochila para Notebook HP Prelude Pro hasta 15.6""",USD,35
informatica-tecno-hardware,"Funda para Notebook Case Logic LAPS114 hasta 14""",USD,35
informatica-tecno-hardware,Estuche DVD 7mm doble 200 unidades,USD,35
informatica-tecno-hardware,Hub Ugreen USB-C con 3 Puertos USB 3.0 + HDMI + USB-C,,36
informatica-tecno-hardware,Auriculares Logitech H390,USD,36
informatica-tecno-hardware,Memoria Ram 8GB DDR4 3200MHz SODIMM,USD,1447
informatica-tecno-hardware,FUNDA NOTEBOOK CASE LOGIC 14 AZUL,,37
informatica-tecno-hardware,Mochila Gaston Luga Spläsh,USD,38
informatica-tecno-hardware,Cable HDMI Xtreme Macho a Macho 10 Metros,,38
informatica-tecno-hardware,MOCHILA KLIP 15.6 BLUE KNB-468BL NNET,USD,39
informatica-tecno-hardware,Combo Inalámbrico Teclado + Mouse Logitech Mk345,,39
informatica-tecno-hardware,Cámara Web Logitech C270 720p 30fps USB,USD,39
informatica-tecno-hardware,"Mochila Gamer para Notebook BlueCase LSB8948 hasta 15.6""",,39
informatica-tecno-hardware,Mochila Gaston Luga Parlan,USD,40
informatica-tecno-hardware,"Soporte Targus para Notebook Tablet de 10"" a 15.6""",USD,40
informatica-tecno-hardware,"Mochila Targus Sport 15.6"" NNET",USD,40
informatica-tecno-hardware,Mochila Gaston Luga Rullen,USD,41
informatica-tecno-hardware,Hub TP-LINK UH700 | 7 Puertos USB 3.0 NNET,USD,42
informatica-tecno-hardware,Parlante Genius SW-2.1 300X con Subwoofer10W RMS,USD,42
informatica-tecno-hardware,Mochila Gaston Luga Kampis Bordeaux,USD,43
informatica-tecno-hardware,Mouse Gamer Logitech G305,$U,43
informatica-tecno-hardware,"Funda para Notebook Case Logic REFPC114 hasta 14""",,45
informatica-tecno-hardware,Toner Brother TN-1060 Original 1000 Copias,USD,46
informatica-tecno-hardware,Memoria Ram 16GB DDR4 Hiksemi 3200MHz SODIMM,,46
informatica-tecno-hardware,Cartucho de Tinta Canon PG-140XL Negro Original,,47
informatica-tecno-hardware,Cable HDMI Manhattan USB-C Macho a Macho 2 metros,USD,47
informatica-tecno-hardware,Teclado Logitech Pebble Keys 2 K380s Inalámbrico,,47
informatica-tecno-hardware,Mochila Gaston Luga Rullen,USD,1900
informatica-tecno-hardware,Mouse Gamer Logitech G502 Hero RGB,USD,48
informatica-tecno-hardware,CARTUCHO HP CC640WL 60 NEGRO,USD,48
informatica-tecno-hardware,"Mochila para Notebook HP Business hasta 17.3""",USD,49
informatica-tecno-hardware,Grabadora DVD Externa Asus SDRW-08D2S,USD,50
informatica-tecno-hardware,Cartucho de Tinta Canon PG210XL Color Negro 15ml,USD,50
informatica-tecno-hardware,Grabadora DVD Externa Asus SDRW-08D2S,USD,56
informatica-tecno-hardware,"Monitor LCD 19"" Grado A+",USD,57
informatica-tecno-hardware,Mouse Gamer Cougar AirBlader,USD,57
informatica-tecno-hardware,Memoria Ram 8GB DDR3L Kingston 1600Mhz SODIMM,USD,57
informatica-tecno-hardware,Gabinete Xtreme 500W Parlantes Teclado y Mouse,USD,58
informatica-tecno-hardware,CARTUCHO CANON CL-146XL COLOR,USD,59
informatica-tecno-hardware,Combo Inalámbrico Teclado + Mouse Logitech MK540,USD,59
informatica-tecno-hardware,Memoria Ram 16GB DDR4 Crucial 2666Mhz SODIMM,USD,2360
informatica-tecno-hardware,Mouse Gamer Logitech G403 Hero RGB,USD,59
informatica-tecno-hardware,Cartucho de Tinta HP 662XL Tricolor Original 300 Páginas,USD,59
informatica-tecno-hardware,Combo Inalámbrico Teclado + Mouse Logitech MK470,USD,59
informatica-tecno-hardware,Mouse Gamer Cougar Surpassion RGB,USD,2459
informatica-tecno-hardware,Parlante Genius SW-2.1 350 15W RMS Madera y Plástico,USD,63
informatica-tecno-hardware,Splitter HDMI Intelbras VEX 3004 con 4 Puertos HDMI,USD,67
informatica-tecno-hardware,Licencia Microsoft Office 365 Personal,USD,67
informatica-tecno-hardware,Memoria Ram 16GB DDR4 Kingston 2666MHz NNET,,70
informatica-tecno-hardware,Memoria Kingston Canvas MicroSD 512GB,USD,70
informatica-tecno-hardware,Memoria Ram 16GB DDR4 Kingston 3200MHz SODIMM,USD,72
informatica-tecno-hardware,"Mochila para Notebook Asus Atlas hasta 15.6""",USD,72
informatica-tecno-hardware,PC Oficina Lenovo Pentium G4560 4GB 128GB Win10,USD,77
informatica-tecno-hardware,Memoria Ram 16GB DDR4 Kingston 3200MHz SODIMM,USD,79
informatica-tecno-hardware,Disco Duro Externo 1TB Seagate Expansion HDD USB 3.0,USD,80
informatica-tecno-hardware,MONITOR ACER 24 B246HL FHD VGA-DVI NNET,,82
informatica-tecno-hardware,Memoria HikSemi DDR5 16GB 5600MHz sodimm NNET,USD,83
informatica-tecno-hardware,Auriculares Logitech H570e,USD,84
informatica-tecno-hardware,Mochila Gamer para Notebook MSI GAMER 17 25 LITROS NNET,USD,86
informatica-tecno-hardware,"Mochila Gamer para Notebook Cougar Vanguard hasta 17""",USD,87
informatica-tecno-hardware,Toner Original HP W1105A para Impresora Laser Color Negro,USD,89
informatica-tecno-hardware,"Monitor Gamer Shot Gaming SG195E05 19.5"" HD LED 5ms",USD,89
informatica-tecno-hardware,Teclado Logitech Wave Keys Inalámbrico,USD,89
informatica-tecno-hardware,Teclado Logitech Wave Keys Inalámbrico,USD,92
informatica-tecno-hardware,Licencia Microsoft Office 365 Family ESD Suscripción 1 Año,USD,93
informatica-tecno-hardware,Disco Duro Externo 1TB Toshiba Canvio Basics USB 3.0,USD,95
informatica-tecno-hardware,Memoria Ram 16GB DDR5 Kingston ValueRAM 4800MHz SODIMM,$U,98
informatica-tecno-hardware,Mouse Gamer Logitech G502 X,USD,99
informatica-tecno-hardware,Mouse Inalámbrico Logitech MX Ergo Trackball,USD,99
informatica-tecno-hardware,Teclado Logitech K780 Inalámbrico,USD,99
informatica-tecno-hardware,Impresora Brother HL-1200 Laser Monocromática,USD,101
informatica-tecno-hardware,Combo Teclado y Mouse Logitech Mk850,,4139
informatica-tecno-hardware,Mouse Vertical Logitech MX,USD,104
informatica-tecno-hardware,Kit de Impresora Epson 2101 + Papel A4 de Regalo,,108
informatica-tecno-hardware,"Monitor LED LG 18.5"" HD NNET",USD,109
informatica-tecno-hardware,Disco Duro Externo 2TB Seagate Expansion HDD,USD,109
informatica-tecno-hardware,Funda para Lenovo 100e Chrome y 100e Windows,USD,109
informatica-tecno-hardware,Tóner Samsung MLT-D111S Negro,USD,111
informatica-tecno-hardware,Mouse Logitech MX Anywhere 3,USD,117
informatica-tecno-hardware,Parlantes Edifier 2.0 R1100 negro NNET,USD,119
informatica-tecno-hardware,Disco Sólido Externo 1TB Kingston XS1000 SSD USB 3.2,,122
informatica-tecno-hardware,Cámara Web Logitech C920S Pro 1080p 30fps,USD,124
informatica-tecno-hardware,"Monitor Viewsonic VA1903-H 19"" HD HDMI VGA",USD,129
informatica-tecno-hardware,Mouse Gamer Logitech G502 Hero Lightspeed,USD,133
informatica-tecno-hardware,"Monitor HP P22V G5 22"" FHD 75Hz 5ms",USD,137
informatica-tecno-hardware,Licencia Microsoft Office Hogar y Estudiantes 1 PC Digital,USD,140
informatica-tecno-hardware,Parlantes Edifier 2.0 P17 20W NNET,USD,141
informatica-tecno-hardware,Cámara Web Logitech C922 Pro Full Hd Streaming Tripode,USD,143
informatica-tecno-hardware,Mouse Gamer Logitech League of Legends,USD,144
informatica-tecno-hardware,Cámara Web Logitech VC Empresarial C925e USB 2.0,,145
informatica-tecno-hardware,Impresora Térmica de Tickets Logic Controls LR2000,USD,152
informatica-tecno-hardware,Parlantes Edifier 2.0 R1580MB bluetooth NNET,USD,152
informatica-tecno-hardware,Parlantes Edifier 2.1 D12 bluetooth marron NNET,$U,154
informatica-tecno-hardware,"Monitor Viewsonic VA2433-H 24"" LED Full HD 4ms",USD,158
informatica-tecno-hardware,IMPRESORA HP 107W NNET,USD,164
informatica-tecno-hardware,"Monitor Viewsonic VA2447-MH 24"" Full HD Hdmi VGA",USD,164
informatica-tecno-hardware,Cámara Web Logitech C930e 1080p FHD,USD,176
informatica-tecno-hardware,Parlantes Edifier R1280DBS Altavoces Bluetooth 42W,USD,178
informatica-tecno-hardware,Impresora Térmica de Recibos Epson TM-T20IIIL,USD,181
informatica-tecno-hardware,Disco Duro Externo 4TB Toshiba Canvio Basics HDD USB 3.0,,181
informatica-tecno-hardware,Toner W1510A Compatible con Impresoras HP,USD,185
informatica-tecno-hardware,Disco Sólido Externo 2TB Kingston XS1000 SSD USB 3.2,USD,187
informatica-tecno-hardware,"Monitor Xiaomi 27"" FHD LED 100Hz",USD,190
informatica-tecno-hardware,Licencia Microsoft Windows 11 Home ESD 64 bits,USD,197
informatica-tecno-hardware,"Parlante Edifier T5 8"" 70W de MDF",USD,199
informatica-tecno-hardware,"Monitor ViewSonic VA2447-MHU 24"" FHD 75Hz",,201
informatica-tecno-hardware,Cámara Web Logitech StreamCam USB-C 1080p con Micrófono,USD,201
informatica-tecno-hardware,Disco Sólido Externo 1TB Kingston XS2000 USB 3.2,$U,202
informatica-tecno-hardware,"Monitor Dahua 27"" LED Full HD 75Hz HDMI VGA",,203
informatica-tecno-hardware,"Monitor Viewsonic VA2735-H 27"" LED Full HD 4ms",USD,206
informatica-tecno-hardware,Parlantes Edifier Studio R1700BT Bluetooth 66W RMS,USD,209
informatica-tecno-hardware,Disco Duro Externo 5TB Seagate Expansion HDD,USD,221
informatica-tecno-hardware,Licencia Microsoft Windows 11 PRO DVD,$U,224
informatica-tecno-hardware,"Monitor Portátil ViewSonic VA1655 16"" FHD IPS",USD,225
informatica-tecno-hardware,Disco Sólido Externo 2TB Hiksemi T300S USB-C,USD,239
informatica-tecno-hardware,PC Oficina AMD Athlon 3000G 8GB 256GB SSD con Periféricos,,249
informatica-tecno-hardware,Parlantes Edifier R2000DB bluetooth marron NNET,USD,252
informatica-tecno-hardware,"Monitor Portátil Gamer Arzopa S-1 15.6"" FHD 60Hz",USD,261
informatica-tecno-hardware,"Monitor Viewsonic VA2747-MHJ 27"" FHD LED HDMI",USD,269
informatica-tecno-hardware,Impresora Multifuncion Brother DCP-T420W WiFi,USD,277
informatica-tecno-hardware,Impresora Multifunción Epson Ecotank L3210 color,USD,279
informatica-tecno-hardware,Impresora Epson Compacta EcoTank L1250 Wi-Fi,USD,286
informatica-tecno-hardware,Impresora Multifunción HP Smart Tank 580,,293
informatica-tecno-hardware,Cámara Web Logitech Brio 4k Ultra HD HDR USB,USD,295
informatica-tecno-hardware,Cámara Web Elgato Facecam,USD,325
informatica-tecno-hardware,Impresora Multifunción Epson L3250 Wifi,USD,327
informatica-tecno-hardware,"Monitor Viewsonic VG2456 24"" FHD IPS 60Hz HDMI",USD,334
informatica-tecno-hardware,PC Oficina Core i3 10100 8GB 500W con Periféricos,USD,335
informatica-tecno-hardware,Licencia Microsoft Office Home and Business ESD,USD,339
informatica-tecno-hardware,IMPRESORA EPSON L3560 ECOTANK NNET,USD,339
informatica-tecno-hardware,Mini PC HP 600 G4 Core i5 8500T 256GB 8GB,,385
informatica-tecno-hardware,PC Oficina Core i3 12100 8GB 500W con Periféricos,USD,399
informatica-tecno-hardware,PC Oficina Core i3 10100 8GB 240GB SSD,USD,406
informatica-tecno-hardware,PC Oficina Core i5 11400 8GB 500W con Periféricos,USD,412
informatica-tecno-hardware,Parlantes Edifier 2.1 S350DB 150W Bluetooth,USD,417
informatica-tecno-hardware,Cámara Web Logitech BCC950 FHD,USD,426
informatica-tecno-hardware,Parlantes Edifier 2.1 S351DB bluetooth NNET,USD,429
informatica-tecno-hardware,PC Oficina Core i5 10400 8GB 240GB SSD,USD,447
informatica-tecno-hardware,"Monitor Viewsonic TD1655 15.6"" Táctil FHD",USD,457
informatica-tecno-hardware,Impresora Brother HLL5100DN laser monocromo NNET,,466
informatica-tecno-hardware,PC Oficina i3 10100F 120GB SSD 8GB G210 1GB con Periféricos,USD,479
informatica-tecno-hardware,Mini PC Chuwi CoreBox Core i3 1215U 16GB 512GB SSD,USD,481
informatica-tecno-hardware,"Monitor ViewSonic TD2430 24"" Táctil FHD",USD,549
informatica-tecno-hardware,Mini PC Intel Core i3 11154G 11PAHI30Z01,,554
informatica-tecno-hardware,Impresora Multifunción HP LaserJet Pro MFP 4103fdw,$U,559
informatica-tecno-hardware,Parlantes Edifier 2.0 S2000MKIII Bluetooth,,579
informatica-tecno-hardware,PC Oficina Core i7 11700 8GB 512GB SSD con Periféricos,USD,599
informatica-tecno-hardware,Mini PC Chuwi CoreBox Core i5 1235U 16GB 512GB SSD,,665
informatica-tecno-hardware,PC Oficina Core i7 12700 8GB 500W con Periféricos,USD,833
informatica-tecno-hardware,Cámara Web Logitech PTZ Pro 2,USD,935
informatica-tecno-hardware,"Equipo All in One DELL Ryzen 5 4.3Ghz, 12GB, 256GB SSD + 1TB HDD, 24"" FHD Touch NNET",USD,996
informatica-tecno-hardware,"Equipo All in One DELL Core i5 4.3Ghz, 16GB, 256GB SSD, 24"" FHD, Win 11 Pro NNET",USD,1073
informatica-tecno-hardware,"Equipo All in One DELL Ryzen 5 4.5Ghz, 16GB, 1TB SSD, 24"" FHD Touch NNET",USD,1384
informatica-tecno-hardware,"Equipo All in One DELL Core i7 4.7Ghz, 16GB, 512GB SSD, 24"" FHD Touch NNET",USD,1844
informatica-tecno-hardware,"Equipo All in One Lenovo Core i7 4.9GHz, 32GB, 1TB SSD, 27"" FHD Touch NNET",,2421
informatica-tecno-hardware,Impresora de Etiquetas Epson ColorWorks CW-C4000,USD,3613
informatica-tecno-hardware,"Equipo All in One HP Core i9 5.1GHz, 32GB, 1TB SSD, 34"" WUHD, RTX 3050 4GB NNET",USD,3750
celulares,,USD,1
celulares,Malla de Silicona para Smartwatch Kieslect Lady L11,USD,2
celulares,Malla de Silicona para Smartwatch Kieslect Lady L11,$U,180
celulares,Protector Curado UV HD Tamaño S para Pantalla Celular,USD,5
celulares,Malla Magnética de Silicona para Smartwatch Kieslect KR,USD,12
celulares,Protector Hydrogel HD Tamaño S para Pantalla Celular,USD,18
celulares,Reloj Smartwatch Xion X-WATCH55,USD,18
celulares,Reloj Smartwatch Xion X-WATCH55,USD,20
celulares,Reloj Smartband X-Lizzard XZZ-SW-01N Bluetooth IP65,USD,34
celulares,Reloj Xiaomi Smart Band 8 Active,USD,45
celulares,"Reloj Smartwatch Mibro Watch C2 1.69"" Bluetooth 2 ATM",$U,1810
celulares,Lápiz Capacitivo Usams ZB057 con Clip,,1999
celulares,"Reloj Smartwatch Colmi I20 1.32"" Bluetooth IP67",$U,50
celulares,"Reloj Smartwatch Amazfit Band 7 1.47"" Bluetooth 5 ATM",USD,52
celulares,RELOJ XIAOMI REDMI WATCH 3 ACTIVE GRE NNET,USD,55
celulares,Gimbal JX Robot A10 para Celulares,USD,59
celulares,"Reloj Smartwatch Kieslect Calling Watch KS 1.78"" Bluetooth IP68",,61
celulares,"Reloj Smartwatch Mibro Watch C3 1.85"" Bluetooth 2 ATM",USD,65
celulares,"Reloj Smartwatch Mibro Lite 1.3"" Bluetooth IP68",USD,70
celulares,"Reloj Smartwatch Blackview X1 PRO 1.39"" Bluetooth",USD,84
celulares,"Reloj Smartwatch Mibro Watch X1 1.3"" Bluetooth 5 ATM",USD,87
celulares,"Reloj Smartwatch Mibro T1 1.6"" Bluetooth 2 ATM",USD,89
celulares,"Reloj Smartwatch Mibro Watch Lite2 1.3"" Bluetooth",USD,92
celulares,"Reloj Smartwatch Amazfit Bip 3 Pro 1.69"" Bluetooth 5 ATM",USD,94
celulares,Tablet Amazon Fire 7 2022 16GB negro NNET,USD,94
celulares,Tablet Amazon Fire 7 2022 16GB azul NNET,USD,117
celulares,RELOJ XIAOMI REDMI WATCH4 OBSIDIAN BK NNET,USD,170
celulares,"Lector de Ebooks Amazon Kindle 2022 6"" 16GB WiFi",USD,178
celulares,"Tablet Lenovo M10 10.1"" 64GB 4GB WiFi",USD,187
celulares,"Xiaomi Poco C65 6.74"" 256GB 8GB Cámara Dual",USD,190
celulares,"Xiaomi Redmi 13C 6.71"" 256GB 8GB 50MP DualSim",USD,199
celulares,"Lector de Ebooks Amazon Kindle 2022 6"" 16GB WiFi",,208
celulares,"Samsung Galaxy A15 6.5"" 128GB 6GB 4G 50MP",USD,208
celulares,"Samsung Galaxy A15 6.5"" 128GB 6GB 4G Cámara Triple",USD,218
celulares,"Cat S42 5.5"" IPS 32GB 3GB 13MP IP68 Dual Sim GPS",,230
celulares,"Samsung Galaxy A15 6.5"" 128GB 6GB 5G 50MP",USD,239
celulares,"Samsung Galaxy A15 6.5"" 128GB 6GB 5G Cámara Triple",,253
celulares,Xiaomi Redmi Note 13 6GB 128GB negro NNET,USD,274
celulares,"Reloj Smartwatch Samsung Watch 4 1.4"" Bluetooth 5 ATM",USD,278
celulares,"Reloj Smartwatch Samsung Watch 4 1.4"" Bluetooth 5 ATM",USD,279
celulares,"Samsung X115 Galaxy Tab A9 8.7"" 4+64GB LTE gris NNET",,279
celulares,"Tablet Samsung Galaxy Tab A9 8.7"" 64GB 4GB 4G 8MP",USD,284
celulares,"Samsung X110 Galaxy Tab A9 8.7"" 4+64GB gris NNET",USD,299
celulares,"Xiaomi Redmi Note 12 6.67"" 256GB 8GB 48MP 5G",USD,308
celulares,"Xiaomi Poco M6 Pro 6.67"" 8GB 256GB 64MP 4G",USD,310
celulares,TABLET SAMSUNG X200 TAB A8 10.5 3+32 NNET,USD,318
celulares,"Samsung Galaxy A25 6.5"" 128GB 6GB 5G 50MP",USD,335
celulares,"Celular Honor X8b 6.7"" 256GB 8GB 108MP",USD,337
celulares,"Xiaomi Poco M6 Pro 6.67"" 512GB 12GB 4G 64MP",USD,339
celulares,TABLET SAMSUNG X200 TAB A8 10.5 4/64 NNET,USD,379
celulares,"Celular Honor Magic 5 Lite 6.67"" 256GB 8GB 64MP 5G",USD,387
celulares,"BlackView BV8900 Pro 6.5"" FHD+ 256GB 8GB 64MP",,445
celulares,"Xiaomi Redmi Note 13 Pro 6.67"" 256GB 8GB 200MP 5G",USD,465
celulares,TABLET XIAOMI PAD 6 6/128 NNET,USD,549
celulares,"Tablet Xiaomi Pad 6 11"" 8GB 256GB",USD,579
celulares,"Xiaomi Redmi Note 13 Pro Plus 6.67"" 512GB 12GB 5G 200MP",USD,623
celulares,SAMSUNG GALAXY A55 256 8GB 5G AMARILL NNET,USD,635
celulares,"Samsung X510 Tab S9 FE 6+128GB 11"" gris NNET",,890
celulares,"Samsung T630N Galaxy Active 4 Pro 10"" 64GB negra NNET",USD,1417
celulares,"Tablet Samsung Galaxy Tab S8 Plus 12.4"" 256GB 8GB WiFi",,1469
celulares,"Celular Asus ROG Phone 7 6.7"" 512GB 16GB 5G 50MP Dual Sim",USD,1499
celulares,Samsung Galaxy S24 Plus 12GB 256GB negro NNET,USD,1599
celulares,"Samsung X910 Tab S9 Ultra 12+256GB 14.6"" gris NNET",USD,1779
hogar,,,199
hogar,Inflador Bestway Eco para Colchón Doble Pistón con Adaptador de 3 Válvulas,$U,335
hogar,Antena Ledstar LTV-531 Interior para TV Digital,$U,374
hogar,Lámpara Led Xiaomi Wifi 9W Smart Bulb 810lm,,389
hogar,Tubo Pelotas Tenis Wilson Championship Extra Duty,$U,10
hogar,"Soporte para TV Fijo de 32"" a 55"" hasta 35KG",$U,11
hogar,Soporte para TV Fijo de 32 a 55 Pulgadas,USD,11
hogar,LAMPARA NEXXT HOME NHB-C120 RGB COLOR,USD,12
hogar,Monitor de Temperatura y Humedad Xiaomi,,12
hogar,"Soporte para TV de 37"" a 70"" hasta 40KG",USD,500
hogar,Incluir subida por escaleras 1 piso ($500),USD,539
hogar,Soporte Móvil para TV de 23 a 42 Pulgadas 20KG,USD,550
hogar,Cafetera Expresso Cuori Mokka 6 Tazas,$U,15
hogar,Antena Interior Ledstar para TV Digital,,15
hogar,Cafetera Expresso Cuori Java 6 Tazas con Válvula de Seguridad,$U,16
hogar,Jarra Eléctrica Cuori Rienza 2 Litros 1500W de Acero Inoxidable,,16
hogar,Caloventilador Cuori Scalla 2000W 2 Niveles,$U,16
hogar,Batidora Manual Cuori Frappe 250W 5 Velocidades,USD,650
hogar,Lámpara Led Smart Nexxt NHB-W320 Wifi 4W Control por Voz,,679
hogar,Plancha A Vapor Xion 230V 1400W Función Spray Y Vapor,USD,18
hogar,Sensor de Contacto Inteligente TP-LINK Tapo T110 NNET,,19
hogar,LAMPARA XIAOMI MI SMART BLANCO CALIDO NNET,USD,19
hogar,Enchufe Inteligente Schuko Sonoff,,19
hogar,Sensor de Movimiento Inteligente TP-LINK Tapo T100 NNET,USD,799
hogar,Soporte para TV Lcd Led Brazo Articulado hasta 27 pulgadas 15Kg,USD,799
hogar,Pelota de Volley Wilson Super Soft Play,$U,20
hogar,"Soporte para TV Lcd Led Móvil de 23"" a 42"" hasta 20KG",$U,21
hogar,Soporte Móvil para TV de 13'' a 42'' hasta 20KG,,21
hogar,"Soporte base para monitor hasta 27"" NNET",USD,21
hogar,Cafetera Expresso Cuori Java 9 Tazas,USD,21
hogar,Luz Nocturna Xiaomi Activada por Movimiento,USD,24
hogar,Soporte para TV lcd/led fijo con nivel hasta 55'' con inclinacion NNET,USD,24
hogar,Soporte para TV Lcd Led Brazo Articulado hasta 42 pulgadas 30Kg,$U,24
hogar,Módulos LED Hexagonales Táctil con Control Remoto,,990
hogar,"Aro de Luz para Maquillaje o Fotografía 8"" con Brazo Flexible 53cm",$U,25
hogar,Hub Concentrador Inteligente TP-LINK Tapo H100 | Con Alarma NNET,USD,25
hogar,Caloventilador Cuori Porto 1500W 2 Niveles,USD,25
hogar,Cafetera de Goteo Futura 750W 1.25 Litros,USD,25
hogar,Tostadora Futura 700W 2 Rebanadas,USD,26
hogar,"Soporte para TV Móvil de 32"" a 55"" hasta 35Kg",USD,27
hogar,Teléfono de Mesa Microsonic con Identificador de Llamadas,USD,27
hogar,Balanza de Cocina Gama SCK 300 5Kg,,28
hogar,Balanza de Baño Gama Fit Care,USD,29
hogar,"Soporte para TV LCD LED Brateck Brazo Articulado hasta 70"" 35kg",,32
hogar,Tostadora James 2 Rebanadas 6 Niveles Temporizador Blanca,USD,32
hogar,"Soporte brazo para monitor hasta 32"" NNET",$U,33
hogar,Extractor de Baño James EJ-100 S 15W para Pared o Techo,USD,33
hogar,Sintonizador Digital Ledstar View con Control Remoto,USD,34
hogar,Batidora de Mano James 150W 5 Velocidades,USD,1399
hogar,Smart TV Box Ledstar Android Flash 16GB Rom 2GB Ram con Display LCD,USD,35
hogar,Sensor Detector de Movimiento Chuango Tipo Cortina,USD,37
hogar,Cámara de Seguridad TP-LINK Tapo C110 2K 3MP,,39
hogar,Soporte para TV Led Lcd Brazo Articulado hasta 55 pulgadas 50Kg,USD,39
hogar,Cámara de Seguridad TP-Link Tapo C200 Tapo Rotatoria 360º Wifi,,41
hogar,Caloventilador James 1500W 3 Posiciones CVT 1500 PTC,,41
hogar,Caloventilador James 1500W con Termostato CVTO 1500 PTC,USD,41
hogar,Tostadora James 950W 2 Rebanadas,USD,41
hogar,Soporte de Monitor Brateck LDT63-C012G,USD,42
hogar,Jarra Eléctrica James JJE17 1.7 Litros 2200W Inoxidable,,42
hogar,Jarra Eléctrica James JJE-17 2200W 1.7 Litros,,43
hogar,Ventilador de Mesa James VMJ-9A 2 Velocidades,USD,45
hogar,Caloventilador James 1500W 3 Posiciones CVTO 1500 PTC,,45
hogar,Soporte para TV de hasta 70 Pulgadas 40KG,USD,45
hogar,Aspiradora Manual Cuori Alba 60W Portátil Recargable,,47
hogar,Cafetera James CFJ 980W 10 Tazas 1.25 Litros,USD,48
hogar,Ventilador de Mesa James VMJ-12A 3 Velocidades,,49
hogar,Mixer James en Acero 1000W cuchillas varillas Inox Turbo,USD,49
hogar,Sandwichera James 3 en 1 800W Antiadherente SGWJ,,49
hogar,Raqueta de Tenis Wilson Energy XL,USD,50
hogar,Sandwichera James 1600W Antiadherente GSJ Inox,,51
hogar,Calienta Cama Gama 1 Plaza Polyester Clasicc,$U,51
hogar,Calienta Cama Smart Enxuta 1 Plaza Poliéster WiFi,,52
hogar,Extractor de Baño James EJ-300 para Pared o Techo,USD,52
hogar,Difusor de Aroma Govee H7162 RGBIC,USD,56
hogar,Escritorio X-Tech XTF-CD188 con Multinivel,USD,56
hogar,SOPORTE MONITOR KLIPXTREME KPM-310,,57
hogar,Caloventilador James 2000W 3 Posiciones CVTB 2000 PTC,USD,57
hogar,Calienta Camas Gama YSEB-041 Fleece 1 Plaza,,57
hogar,Ventilador de Pie Thompson VP16TH 3 Velocidades,USD,57
hogar,Licuadora James LJVP 1.5 Litros 600W,,57
hogar,Difusor de Aromas Inteligente Nexxt NHA-A600 WiFi,USD,58
hogar,Teléfono Microsonic Inalámbrico con Contestador,USD,59
hogar,Wok Cuori Acero Carbono 28cm Carbone Antiadherente,USD,59
hogar,Ventilador James VWJ 16C de Pared 3 Velocidades,,61
hogar,Ventilador de Mesa James VMJ-16AN 50W 3 Velocidades,USD,61
hogar,Cámara de Seguridad Nexxt 2K QHD con Visión Nocturna,,2570
hogar,Aspiradora Portátil Xiaomi Mi Vacuum Cleaner Mini,,66
hogar,Soporte Doble para Monitor Gaming hasta 32'',USD,67
hogar,Mixer 3 en 1 James en Acero Inox con Accesorios 1000W,USD,67
hogar,Juguera James 350W 0.4 Litros 2 Velocidades,,67
hogar,Cámara de Seguridad TP-Link Tapo C310 2K WiFi,USD,68
hogar,Extractor de Baño James EJ-100 VT Timer,USD,69
hogar,Cámara de Seguridad TP-Link Tapo C500 360º WiFi IP65,,69
hogar,Drone Holy Stone Deerc D20 720P 10 minutos,,71
hogar,Ventilador Turbo James TPJ 16 55W 3 Velocidades,USD,73
hogar,Google Chromecast Gen 4 Full HD WiFi HDMI con Control,USD,74
hogar,Freidora sin Aceite Cuori Creta 5 Litros 1400W,USD,75
hogar,Caloventilador James 2000W Con Control Remoto,,75
hogar,Cámara de Seguridad TP-LINK Tapo C510W 2K 3MP,USD,75
hogar,Freidora de Aire Futura Plus 1350W 5 Litros,,75
hogar,Freidora de Aire Futura 1350W 5 Litros,USD,77
hogar,Extractor de Baño James EJ-200 VT Timer,,79
hogar,Ventilador de Pie James VCA-16 P 50W 3 Velocidades,USD,79
hogar,Caloventilador de Pared James 2000W CVTM 2000 PTC,USD,79
hogar,Caloventilador James CVTT 2000-PTC 2000W con Control Remoto,,79
hogar,Aro De Luz Para Maquillaje 18'' con Bolso,,79
hogar,Amazon Fire TV Stick 4K 8GB HDMI,USD,80
hogar,Convector James CEP 1500W 2 Posiciones,,81
hogar,Calienta Camas Gama YSEB-012 Poliester 2 Plazas,USD,81
hogar,Batidora James BJP 400W 5 Velocidades,USD,82
hogar,Luminaria Led Ledion 9w x3 3000K Blanco Cálido 650lm x3,USD,83
hogar,Cafetera Express Cuori Aroma 850W 15 Bares 1.8 Litros,USD,83
hogar,Cámara Ezviz CS-H3C Full HD Wifi IP67 con Luz,USD,83
hogar,Licuadora Moulinex Personal Mix & Move,,84
hogar,Anafe James Por Inducción Magnética Portátil,USD,84
hogar,Google Chromecast Gen 4 4K UHD WiFi HDMI con Control,,85
hogar,Aspiradora Robot Xion Slim 3 en 1,USD,85
hogar,Ventilador de Pie James VP-170 3 Velocidades,USD,85
hogar,ASPIRADORA TOMPSON ASP A TH200N BLANC,,85
hogar,Caja Fuerte electronica Safewell EX20 NNET,USD,86
hogar,Camara Xiaomi Mi Smart C400 360° 4MP NNET,USD,87
hogar,Xiaomi TV Box S 2nd Gen UltraHD 4K 8GB WiFi,USD,88
hogar,Cámara de Seguridad TP-Link Tapo C320WS Exterior WiFi IP66,,89
hogar,Calienta Cama Gama 2 Plazas Polyester Con Timer,USD,89
hogar,Batidora Planetaria Cuori Gran Chef 1200W 5 Litros,,89
hogar,Detector de Humo Smart Intelbras IDF 620 IZY,USD,89
hogar,Calienta Cama Smart Enxuta 2 Plazas Poliéster WiFi,,90
hogar,Convector James CEP 2300W 3 Niveles de Calor,USD,90
hogar,Cámara de Seguridad TP-Link Tapo C520W 2K QHD,USD,93
hogar,Picadora Moulinex 750W 300g con Sistema de Seguridad,,94
hogar,Aspiradora James AJ 760 1600W 2 Litros,$U,94
hogar,MICROONDAS THOMPSON TH20R BLANCO ROTA,USD,95
hogar,Licuadora James 1000w 1.5 Litros 2 Velocidades + Pulsador,,95
hogar,Radiador de Aceite James 1500W 3 Posiciones RA1500,USD,96
hogar,Ventilador de Techo James VT2 3 Velocidades,,97
hogar,Sopera James Acero Inox 1.3L 925W Soup Maker Multifuncion,USD,97
hogar,Detector de Gas Smart Intelbras IDG 620,USD,98
hogar,Sopera James SJ13 952W 1.6 Litros,USD,99
hogar,Radiador de Aceite James 2000W 9 Elementos RA2000 G2,USD,99
hogar,Microondas James J-18GR 18 Litros 5 Niveles de Potencia,USD,102
hogar,Extractor de Baño James EJ-300 VT 19W para Pared o Techo,USD,103
hogar,Detector de Monóxido de Carbono Smart Intelbras IDM 620,,104
hogar,Ventilador de Pie James VP-140 50W 3 Velocidades,USD,104
hogar,Ventilador de Pie James Oscilante 70W 3 Velocidades,USD,104
hogar,CAMPANA THOMPSON 60T NEGRA 140W LED 4,,104
hogar,VENTILADOR DE TECHO JAMES VT2 1L AB,USD,105
hogar,Ventilador de Pie James VP-20 3 Velocidades,USD,105
hogar,DRONE HOLY STONE HS340 720P 20MIN 80M NNET,USD,106
hogar,Tostador Bosch Designline 970W,USD,106
hogar,DVR Hikvision 8 Canales 1080p Lite,USD,107
hogar,Radiador de Aceite James 1500W 3 Posiciones RA1500,,107
hogar,Bicicleta Randers Rodado 20 con parrilla,USD,107
hogar,DVR Hikvision 4 Canales 1080p H.265,,107
hogar,Hub De Automatización Smart Intelbras ICA 1001,USD,108
hogar,MICROONDAS THOMPSON TH20D BLANCO DIGI,,109
hogar,Multiprocesadora de Alimentos James Inox 600w 2 velocidades,USD,109
hogar,Ventilador de Techo James VT-2 3 Velocidades 4 Aspas 3 Luces,USD,109
hogar,Horno de Mesa Cuori Vezio 1400W,USD,115
hogar,Drone Holy Stone Deerc D60 1080p 22 minutos,USD,115
hogar,Batidora Planetaria Futura 1300W 5.5 Litros,,118
hogar,Horno Eléctrico James 34 Litros 1300W con Timer,USD,118
hogar,RADIADOR DE ACEITE JAMES 2000 NEGRO,,121
hogar,Aspiradora Vertical Enxuta 2 en 1 150W,USD,122
hogar,Microondas James 18 Litros 10 Niveles con 6 Programas J 18 GD,USD,122
hogar,Aspiradora James 1800W 1.5 Litros AJ-850,,123
hogar,Aspiradora James 2000W 2.75 Litros con Bolsa AJ 960,USD,127
hogar,Lavarropas Enxuta Superior 5.5KG,,132
hogar,Cocina a Gas Thompson CTH 1000 4 Hornallas,USD,133
hogar,Microondas James 20 Litros 5 Niveles con Descongelado J 20 MDB,USD,134
hogar,Batidora Bosch Manual 500W 5 Velocidades,,134
hogar,Batidora de mano Bosch MFQ40302 Styline Menta 500W,USD,134
hogar,Batidora de mano Bosch MFQ40303 Styline,,134
hogar,Batidora Bosch MFQ40304 Styline Manual 500W,USD,137
hogar,Aspiradora James 1600W 2 Litros Sin Bolsa AJ 4100,USD,5499
hogar,Estufa Supergas James F 100 M Infrarrojos 3 Niveles De Potencia,USD,138
hogar,Freidora Sin Aceite James FJ-AF5.5 1850w 5.5 Litros,USD,139
hogar,Aspiradora Polvo y Agua James 1600W 8 Litros AJ 1600,USD,139
hogar,Horno Eléctrico James 39 Litros 1650W con 2 Bandejas,USD,139
hogar,Cocina A Gas James C105B 4 Hornallas,,139
hogar,Cocina a Gas James C105B 4 Hornallas,USD,139
hogar,TV Asano 32'' HD LED con Sintonizador Digital,,144
hogar,Ventilador de Techo James 5 velocidades,USD,145
hogar,Cocina a Gas James C105B 4 Hornallas,USD,5899
hogar,Termotanque Thompson 30 Litros con Tanque Acero,,149
hogar,Microondas James 20 Litros 5 Niveles con Descongelado J 20 MDN,,154
hogar,Cámara de Seguridad Ezviz CS-C8PF Full HD Wifi 360º,USD,157
hogar,Smart TV Asano 32'' HD WiFi Android Netflix YouTube,USD,159
hogar,Ventilador de Techo James VT-5 3 Velocidades 4 Aspas 4 Luces,,161
hogar,Campana Convencional James 60 Inox 230w 3 Velocidades,USD,165
hogar,Batidora Planetaria James 7vel 800W Mezcla Amasa bate,,168
hogar,Ventilador de Techo James VT-3 3 Velocidades 4 Aspas 1 Luz,USD,169
hogar,Cocina Combinada Thompson CTH 1500 4 Hornallas,USD,169
hogar,Microondas James 23 Litros 11 Niveles con Grill J 23 MDB,USD,169
hogar,Microondas James 23 Litros 11 Niveles con Grill J 23 MDN,USD,169
hogar,Horno Eléctrico James Hjin 39 Con 2 Discos Eléctricos,,169
hogar,Anafe James 4 Hornallas a Supergás,USD,169
hogar,Ventilador de Techo James VT7 5 Luces,,170
hogar,Cocina Combinada Thompson CTH 1500 4 Hornallas,USD,170
hogar,Cocina Combinada Thompson CTH 1500 4 Hornallas,,170
hogar,Horno Eléctrico Enxuta 32 Litros 2 Discos,USD,175
hogar,Campana James Telescópica 60 Inox,,175
hogar,Cafetera Bosch Styline de Goteo 1100W,USD,177
hogar,Cocina a Gas James C 510 MIT Inox 4 Hornallas,USD,177
hogar,Horno Eléctrico James 45 Litros 1400W con Timer,,177
hogar,Ventilador de Techo James VT1 5 Velocidades con Luz,USD,177
hogar,Campana James Empotrable 52 Inox,USD,178
hogar,Campana Convencional James 60 230w 3 Velocidades Blanco,,178
hogar,Campana Convencional James 60 230W 3 Velocidades,USD,179
hogar,Anafe James 4 Hornallas Super Gas Inox,,179
hogar,Purificador James 602 Inox Extractor 2 motores 3 velocidades,USD,182
hogar,Cocina a Gas James C105B INOX 4 Hornallas,USD,183
hogar,Lavarropa Enxuta Superior 7.2KG,,187
hogar,Ventilador de Techo James VT 22 3 Velocidades 3 Aspas 1 Luz,USD,187
hogar,Pack Sensor Intelbras Humo + Hub de Automatización,USD,7600
hogar,Termotanque James Prisma 20 Litros con Tanque de Acero,,190
hogar,Horno Multifunción Enxuta 18 Litros 1550W con 10 Funciones,USD,191
hogar,Aspiradora Bosh 3.5 Litros con Bolsa,USD,7650
hogar,Termotanque Thompson 60 Litros con Tanque Acero,USD,7700
hogar,Termotanque James Prisma 20 Litros con Tanque de Acero Salida Superior,,195
hogar,Centrifugadora James A-652 Capacidad 5.2Kg Inoxidable,USD,197
hogar,FRIGOBAR MIDEA MDRD142FGG01 BLANCO,USD,199
hogar,Cocina Combinada James 4 Hornallas C 205 B,USD,199
hogar,Cocina Combinada James 4 Hornallas C 205 B,USD,199
hogar,Pack Sensor Intelbras Gas + Hub de Automatización,,199
hogar,Pack Sensor Intelbras Monóxido de Carbono + Hub de Automatización,USD,201
hogar,Cocina Combinada C 205 B INOX 4 Hornallas,,201
hogar,Termotanque Enxuta 15 Litros con Tanque Acero,USD,207
hogar,"CENTRIFUGA JAMES 6,2 ACERO INOXIDABLE",USD,208
hogar,Cocina a Gas James C690 V 4 Hornallas,USD,210
hogar,Cocina a Gas James C 505 MBT 4 Hornallas,USD,210
hogar,Cocina a Gas James C690 V 4 Hornallas,USD,210
hogar,Cocina a Gas James C690 V 4 Hornallas,,8500
hogar,Termotanque James Cilíndrico 30 Litros con Tanque Acero,,215
hogar,Campana Convencional James 75 Inox 230W,USD,8633
hogar,Termotanque James Prisma 30 Litros con Tanque Acero,,219
hogar,Microondas James 23 Litros 5 Niveles con Grill J 23 MDGI-N,USD,219
hogar,Freidora sin Aceite James FJ-AF-16 Horno Grill Freidora 16L con luz,USD,224
hogar,Cocina a Gas James 5 Hornallas C 150 B Blanca,USD,226
hogar,Deshumidificador James 240W 10L/día Con Ruedas,USD,229
hogar,Cocina a Gas James 5 Hornallas C 150 B Titanium,,229
hogar,Campana James 90 Convencional Inox,USD,229
hogar,ANAFE JAMES 4H AG VNT VIDRIO NEGRO TE,USD,232
hogar,Cocina a Gas James 5 Hornallas C 150 B Negra,USD,232
hogar,Campana James Curva 60 Inox 230w 3 Velocidades,USD,238
hogar,Cocina Combinada James 4 Hornallas C-205 B,USD,9600
hogar,Termotanque James Cilíndrico 40 Litros con Tanque Acero,,247
hogar,Frigobar James RJ-90 KSG2 Capacidad 102L,USD,248
hogar,Termotanque Enxuta 47 Litros con Tanque Acero,USD,249
hogar,Microondas James 31 Litros con Grill J 31 MDGI-U,,249
hogar,Microondas James 31 Litros 10 Niveles con Grill J 31 KDGN,USD,249
hogar,Horno Eléctrico James 70 Litros 1800W con Timer,,249
hogar,"Smart TV Asano 43"" FHD WiFi Android Netflix YouTube",USD,250
hogar,Heladera Enxuta 132 Litros con Frío Húmedo,USD,254
hogar,Freezer Horizontal James 95 Litros con Patas FHJ 100 KT,USD,255
hogar,Cocina a Gas James C506 MNT 4 Hornallas,USD,258
hogar,Frigobar James RJ90M Capacidad 102L,USD,260
hogar,Frigobar James RJ90M Capacidad 102L,,262
hogar,Cocina a Supergás James C690 V 4 Hornallas,,263
hogar,Deshumidificador James Modelo Dj-20 Df Extracción 20L Consumo 300W,$U,269
hogar,Cerradura Inteligente Ezviz con Huella Dactilar,,270
hogar,Heladera Enxuta 205 Litros Clase A,USD,275
hogar,Microondas James Inverter 23 Litros 5 Niveles J 23 MFL,USD,275
hogar,"Smart TV LG 32"" HD WIFI WebOS Netflix YouTube",,275
hogar,Aspiradora Robot James AJ G1 55W,USD,280
hogar,Cocina a Supergás James C 150 B 5 Hornallas,,284
hogar,Secarropas Smartlife 3KG 5 Programas,,285
hogar,Campana James Curva 90 230W 3 Velocidades,USD,11500
hogar,Termotanque James 60 Litros con Tanque Acero,,293
hogar,Microondas LG Inverter 25 Litros 1000W,USD,299
hogar,Robot de Cocina Enxuta 1700W 2.3 Litros,,12000
hogar,CALEFON JAMES 60 ACERO HORIZONTAL,,302
hogar,Bicicleta Fija Randers con 8 Niveles,USD,305
hogar,Freezer Horizontal James 142 Litros con Patas FHJ 150 KT,,309
hogar,Lavarropas James WMTJ 680 6KG 10 Programas,USD,319
hogar,Smart TV James 43'' FHD Netflix YouTube Prime Video,USD,319
hogar,Heladera James 190 Litros con Frío Húmedo RJ23 MB,,319
hogar,Frigobar Futura MB82-S Capacidad 81L,,320
hogar,Anafe James 2 Placas Inducción Magnética,$U,323
hogar,Deshumidificador James Modelo Dj-30 Dp Extracción 30L Consumo 345W,,328
hogar,Bicicleta Montaña Randers Rodado 29 con 21 Velocidades,USD,329
hogar,Campana Plana James 60 Inox Extractor Control Touch,,329
hogar,Lavarropas James LR 1006 G4 6Kg 15 Programas,USD,329
hogar,Heladera James 224 Litros con Frío Húmedo RJ25 MB,,330
hogar,Cocina A Supergás James 4 Hornallas C 700 V Blanca,USD,330
hogar,Cocina a Gas James 4 Hornallas C 700 V Negra,,330
hogar,Cocina a Gas James 4 Hornallas Perillas C 700 V Titanium,USD,333
hogar,Bicicleta plegable 7 velocidades rodado 20 negro NNET,USD,335
hogar,Anafe James 5 Hornallas a Gas Termocupla Vidrio Negro,,13499
hogar,Termotanque James 80 Litros con Tanque Acero,,339
hogar,Cocina a Supergás James 5 Hornallas C 695 V Negro,USD,339
hogar,Cocina a Supergás James 5 Hornallas C 695 V,,339
hogar,Heladera James 204 Litros con Frío Húmedo RJ25 MB Inox,USD,339
hogar,Lavarropas James Frontal 6KG 15 Programas,USD,340
hogar,Secarropas Enxuta Frontal 6KG,,341
hogar,Cocina a Supergás James 5 Hornallas C695V Blanco,USD,341
hogar,Bicicleta Montaña Randers Rodado 29 con 21 Velocidades,,13699
hogar,Termotanque James Horizontal 80 Litros con Tanque Acero,USD,346
hogar,Cocina Combinada James 4 Hornallas C 550 TKS Blanca,,354
hogar,AIRE ACONDICIONADO GOODAIR 9000BTU,USD,357
hogar,Freezer Horizontal James 198 Litros con Cerradura FHJ 210 KT,USD,357
hogar,Microondas LG Inverter 25 Litros 1000W con Grill,,359
hogar,Horno de Empotrar James HEE 7 Funciones Grill Blanco,USD,359
hogar,"Smart TV Asano 50"" FHD WiFi Android Netflix YouTube",USD,365
hogar,Campana James Mural 60 Negra Inox 230w 3 Velocidades,,366
hogar,Freezer Vertical James 88 Litros con 3 Canastos FVJ 100 KN,USD,366
hogar,Heladera Thompson 213 Litros Frío Húmedo RTH-210,USD,367
hogar,Horno de Empotrar James Eléctrico HEE-BKD,USD,367
hogar,Microondas de Empotrar James 28 Litros 5 Niveles con Grill J 28 MEI,,367
hogar,Horno de Empotrar Eléctrico James 56 Litros 4200W,USD,368
hogar,AIRE ACONDICIONADO GOODAIR 9000BTU,,369
hogar,Cocina Eléctrica James 4 Discos C 801AR TKS Blanca,USD,369
hogar,Cocina Combinada James 4 Hornallas Acero Inoxidable C 555 TKS Inox,,369
hogar,Frigobar James J-125 VN Capacidad 125L,USD,369
hogar,Smart TV Asano 50'' FHD Android 11 Netflix YouTube,,371
hogar,Lavarropas James Frontal 6KG 15 Programas 1000 RPM LR 1008 BL,USD,379
hogar,Cocina a Supergás James C804 V 4 Hornallas,,379
hogar,Pack Sensores Intelbras Gas + Humo + Monóxido de Carbono + Hub,USD,379
hogar,"Smart TV Asano 50"" 4K WiFi Android Netflix YouTube",,388
hogar,Cocina Eléctrica James Inox Con 4 Discos,,389
hogar,Heladera James 259 Litros con Frío Húmedo RJ27 MB,USD,397
hogar,Heladera James 235 Litros con Frío Humedo RJ27 MB Inox,,399
hogar,Lavavajillas James 7 Programas 6 Cubiertos,USD,399
hogar,Freezer Horizontal James 245 Litros con Cerradura FHJ 250 KR,USD,399
hogar,Cocina a Supergas Futura Plus FUT-50-G4 Sevilla,,399
hogar,Secarropas Futura Frontal 7KG 15 Programas,USD,405
hogar,Deshumidificador James con Panel Digital DJ-50 DP,,409
hogar,Lavarropas James Frontal 6KG 15 Programas LR 1008 R,,412
hogar,Cocina Eléctrica Futura Plus FUT-50-E4 4 Discos,USD,415
hogar,Lavavajillas James 7 Programas 6 Cubiertos,USD,415
hogar,Cocina Combinada Futura Plus FUT-50-C31B Girona,USD,415
hogar,Heladera Enxuta 200 Litros Clase A,USD,416
hogar,Cocina a Gas James C-212 A TKS Inox 4 Hornallas,$U,419
hogar,Microondas de Empotrar James 28 Litros 5 Niveles con Grill J 28 ME,,421
hogar,CAMPANA SIAM 60CM PLANA EVOLUTION,USD,427
hogar,Lavarropas James Frontal 7KG 15 Programas LR 7100 PLUS,USD,430
hogar,Heladera Enxuta 200 Litros Clase A,$U,432
hogar,Aire Acondicionado James 1300W 9.000 BTU,,432
hogar,Cocina Combinada Futura Plus FUT-50-C31X Ibiza Inox,$U,435
hogar,AIRE ACONDICIONADO GOODAIR 12000INV,,437
hogar,"Smart TV Asano 55"" 4k WiFi Android Netflix YouTube",USD,439
hogar,"Smart TV LG 43"" 4K UHD HDR10 WIFI Netflix YouTube",,444
hogar,Caminadora eléctrica Randers 1.25HP 12km NNET,USD,449
hogar,Heladera James 266 Litros con Frío Seco RJ301 B,USD,454
hogar,Cocina Combinada James 3 Hornallas 1 Disco C-211 A TKS INOX,,456
hogar,Lavarropas James Superior 10kg 8 Programas WMTJ-1080,USD,459
hogar,Campana James Plana Isla 90 Inox 230w 3 Velocidades,,460
hogar,Lavarropas James Frontal 8KG 8 Niveles de Centrifugado LR 8120 Plus,USD,460
hogar,HELADERA ENXUTA FRIO HUMEDO 264L SILV,USD,460
hogar,Heladera Enxuta 248 Litros Clase A,USD,467
hogar,AIRE ACONDICIONADO GOODAIR 9000INVERT,USD,469
hogar,Anafe James por Inducción 4P G3 Flex,USD,470
hogar,Heladera Enxuta 248 Litros Clase A,,473
hogar,Cocina a Supergás James 4 Hornallas con Grill C26 ATKS G2,USD,475
hogar,Freezer Vertical James 168 Litros con 4 Cajones FVJ 261 KN G2,,479
hogar,Aire Acondicionado James 12000 BTU Gas R410,USD,479
hogar,Cocina Combinada James con Grill Eléctrico C 221A TKS Inox,,479
hogar,Aire Acondicionado James 1600W 12.000 BTU,USD,489
hogar,Heladera James 266 Litros con Frío Seco RJ301 B,,490
hogar,Lavarropas James Inverter 8Kg 15 Programas,USD,492
hogar,Cocina a Gas James 4 Hornallas con Timer,,499
hogar,Lavarropas James Inverter Frontal 8KG 15 Programas LR 8140 INV S,$U,499
hogar,Freezer Horizontal James 297 Litros con Patas FHJ 310 KT,,499
hogar,Heladera Enxuta 302 Litros Clase A,USD,519
hogar,"Smart TV LG 50"" 4K UHD HDR10 WIFI Netflix YouTube",,525
hogar,Heladera James 263 Litros con Frío Seco JM310,$U,529
hogar,Cocina a Gas James C805 V 5 Hornallas,,530
hogar,Heladera Enxuta 345 Litros Clase A,,545
hogar,Heladera Enxuta 345 Litros Clase A,USD,545
hogar,Heladera Enxuta 345 Litros con Dispensador,,554
hogar,"Smart TV James 55"" 4K UHD ISDB-T Netflix YouTube Prime Video",,557
hogar,Anafe James 6 Hornallas a Supergás en Acero inoxidable,USD,559
hogar,Lavarropas James WMTJ 1580 N 15KG 10 Programas 700 RPM,,559
hogar,Heladera James 266 Litros con Dispensador RJ301 Inox,,563
hogar,Heladera James 279 Litros con Frío Seco JM350,USD,565
hogar,"Smart TV LG 50"" 4K UHD HDR10 Pro WIFI Netflix YouTube",,565
hogar,"Smart TV Samsung 50"" 4K UHD WIFI Netflix YouTube",,569
hogar,Cocina Combinada James con Timer Digital C 25A TKS Inox,,569
hogar,Aire Acondicionado James Inverter 1300W 9.000 BTU,USD,569
hogar,Freezer Vertical Enxuta 242 Litros con 7 Cajones,,575
hogar,Robot de Cocina Bosch MUM58K20 1000W,,575
hogar,Robot de Cocina Bosch MUM58020 Menta 1000W,USD,575
hogar,Robot de Cocina Bosch MUM58420 Red Diamond 1000W,,589
hogar,Cocina Combinada James con 4 Hornallas Inox C 225 G2,USD,589
hogar,Heladera James 279 Litros con Frío Seco JM350 Inox,,589
hogar,Lavarropas James Frontal 10.5KG con Motor Inverter LR 1016 BL G3,USD,595
hogar,Heladera James 372 Litros con Frío Seco RJ401 B,,597
hogar,Freezer Horizontal James 418 Litros con Patas FHJ 410 M,USD,601
hogar,Heladera James 338 Litros con Frío Seco RJ401 Inox,,610
hogar,Aire Acondicionado James Inverter 12.000 BTU,USD,619
hogar,"Smart TV Asano 65"" 4k WiFi Android Netflix YouTube",,629
hogar,"Smart TV LG 50"" 4K UHD HDR10 WIFI Netflix YouTube",USD,649
hogar,Lavavajillas James 8 Programas 14 Cubiertos,$U,649
hogar,Heladera James 338 Litros con Dispensador RJ401 Inox,,650
hogar,Secarropas Enxuta Frontal 8KG 14 Programas,USD,670
hogar,Lavarropas LG Inverter 13Kg Carga Superior 8 Programas,,670
hogar,Heladera Enxuta 409 Litros con Dispensador,USD,686
hogar,ANAFE BOSCH A GAS 4 HORNALLAS,USD,689
hogar,"Smart TV LG 55"" 4K UHD HDR10 WIFI Netflix YouTube",,699
hogar,Heladera Samsung 318 Litros Inverter con Dispensador,USD,704
hogar,Aire Acondicionado James AAM-18 AU-FC 18.000 BTU,,719
hogar,LAVAVAJILLAS JAMES LV14M EMPOTRABLE,USD,735
hogar,Heladera Vitrina James 303 Litros VC-315,,742
hogar,Freezer Horizontal James 496 Litros FHJ 510 M,,744
hogar,Freezer Vertical James 227 Litros con 5 Cajones,USD,746
hogar,Heladera LG 272 Litros Inverter con Dispensador GT29,USD,747
hogar,Freezer Horizontal James 303 Litros FHC 330,USD,749
hogar,"Smart TV James 65"" 4K UHD ISDB-T Linux Netflix YouTube Prime Video",,751
hogar,Freezer Vertical James 250 Litros FVJ-320 NFM INOX,USD,755
hogar,Cocina Combinada James 3 Hornallas 1 Disco C 900A TKS Inox,USD,760
hogar,Heladera James 330 Litros con Dispensador RJ417 IDH,USD,760
hogar,Heladera James 452 Litros Inverter RJ571 INV BL,USD,769
hogar,Lavasecarropas James Motor Inverter 14 Programas,,769
hogar,"Smart TV LG 60"" 4K UHD HDR WIFI webOS Netflix YouTube",USD,769
hogar,Lavasecarropas James Frontal 10.5KG 7KG con 14 Programas LSE 1016,,791
hogar,Horno de Empotrar Futura HE750 Pirolítico,USD,799
hogar,Heladera James 452 Litros Inverter No frost RJ571,USD,819
hogar,"Smart TV LG 65"" 4K UHD HDR10 WIFI webOS Netflix YouTube",USD,829
hogar,Heladera James 429 Litros No frost JM 560,,829
hogar,Heladera James 448 Litros Inverter No frost RJ 571 INV Inox,,835
hogar,Lavarropas LG Inverter 12Kg Carga Frontal Wifi Smart ThinQ,USD,841
hogar,Lavarropas LG Inverter 19Kg Carga Superior 8 Programas,USD,845
hogar,Aire Acondicionado James 18.000 BTU Gas R32,USD,34500
hogar,Aire Acondicionado Panavox Inverter 18.000 BTU,,889
hogar,Heladera James 442 Litros con Frío Seco RJ 35 M SBSI,USD,947
hogar,Heladera James 448 Litros No frost RJ55 IT Inox,USD,995
hogar,Aire Acondicionado James 2900W 24.000 BTU,$U,995
hogar,Heladera Enxuta Side by Side 508 Litros,,999
hogar,Heladera James Inverter 559 Litros RJN40K SBSI Inox,USD,1005
hogar,Lavasecarropas LG Inverter 12Kg Carga Frontal Panel Digital,,1053
hogar,Heladera James 324 Litros con Frío Húmedo y Seco J373 RR,USD,1054
hogar,Lavasecarropas LG Inverter 12Kg Carga Frontal Panel Digital,$U,1080
hogar,"Smart TV James 75"" 4K UHD ISDB-T Linux Netflix YouTube Prime Video",USD,1100
hogar,Heladera James 356 Litros con Frío Seco RJ431 BT,,1107
hogar,Aire Acondicionado James Inverter 24.000 BTU 3700W,USD,1150
hogar,Heladera Enxuta Multidoor 403 Litros Inverter,,1158
hogar,Lavasecarropa Frontal LG 14KG 8KG 13 Programas Inox,USD,1234
hogar,"Smart TV LG 55"" 4K UHD HDR10 Pro WIFI webOS Netflix YouTube",USD,1399
hogar,Heladera James 474 Litros con Frío Seco Multidoor RJ 470 4P MI,USD,1467
hogar,Heladera James 467 Litros Inverter RJ 460 FTI MI,USD,1479
hogar,Heladera James 486 Litros con Frío Seco RJ 30 M SBSI,USD,1549
hogar,Aire Acondicionado James Inverter 30.000 BTU Gas R410A,,2143
hogar,Heladera LG 637 Litros Inverter GS66SPP Inox,,2256
hogar,"Smart TV LG 48"" 4K UHD OLED HDR10 Pro WIFI webOS Netflix YouTube",USD,2391
hogar,ANAFE BOSCH INDUCCION CON EXTRACTOR,,3089
hogar,"Smart Tv LG 55"" 4K UHD OLED HDR10 Pro WIFI webOS Netflix YouTube",USD,3095
hogar,Heladera LG 637 Litros Frío Seco LS66SXSC,USD,4740
hogar,Torre de Lavado y Secado LG 22Kg AI Assistant ThinQ,USD,5257
hogar,"Smart TV LG 65"" 4K UHD OLED HDR10 Pro WIFI webOS Netflix YouTube",USD,9112
belleza,,,949
belleza,Cortapelo Xion Inalámbrica 45 Minutos,$U,27
belleza,Balanza Xiaomi Mi Smart Scale 2 Máximo 150KG,USD,30
belleza,Masajeador Contorno de Ojos Roll On Gama,USD,36
belleza,Masajeador Facial Gama Moon Bat,USD,39
belleza,Cortapelo Gama MGC 542 Sport 220V,USD,40
belleza,Secador de Pelo Gama Diamond Ceramic 2300W 3 Temperaturas,,42
belleza,Balanza Xiaomi Mi Body Composition Scale 2 Bluetooth,USD,42
belleza,Balanza de Baño Gama Máximo 150KG,USD,44
belleza,Cepillo Gama Innova Hot Brush Mini Ceramic,USD,47
belleza,Secador de Pelo Gama Diamond Ceramic 3D Therapy,USD,49
belleza,Afeitadora Gama Barber Style GM593 220V 20 Accesorios,,49
belleza,Rizador Gama Tourmalina 19mm,USD,55
belleza,Rizador Gama Tourmalina 33mm,USD,55
belleza,Cepillo Secador Modelador Gama Avocado Power Brush 3D,,55
belleza,Cepillo Secador Gama Stylish Keration 3D,USD,65
belleza,Cepillo Alisador Gama Innova Digital 220V Anti-Frizz,,67
belleza,Planchita Gama Elegance Std Chia 220 Grados,USD,69
belleza,Cortapelo Profesional Salon Exclusive Pro 8.2 Clipper,,69
belleza,Secador Gama Diva Ceramic Ion 3D Therapy 2100W,USD,70
belleza,Secador de Pelo Gama Aqua Therapy 3 Temperaturas 2 Velocidades,,71
belleza,Cepillo Rotativo Gama Turbo 2600 Ion Plus Ceramic,USD,75
belleza,Pack Gama Corta Pelo M SE PRO 8.2 + Nose Trimmer 6x1,,76
belleza,Planchita Gama Elegance Keration Tourmaline,USD,79
belleza,Cortapelo Gama Clipper Titanium T923,,83
belleza,Planchita Gama Elegance Led Bloom,USD,85
belleza,Secador de Pelo Gama Diva 4D Kerashine 2300W 3 Temperaturas,USD,87
belleza,Planchita Gama Elegance Led Matcha,USD,87
belleza,Planchita Gama Elegance Led Aqua Therapy,USD,89
belleza,Pack Gama Depiladora Oasis Supreme + Secador Eolic Mini,USD,89
belleza,Pack Gama Rizador 33mm + Secador Mistral ION,,90
belleza,Rizador Gama X-Waves Keration LED 16mm,USD,90
belleza,Rizador Gama Keration Waver y Brush,,99
belleza,Pack Gama Planchita Elegance Lino + Secador Diamond 3D,USD,119
belleza,Pack Gama Planchita S-Quattro + Secador Tempo Aqua,USD,129
belleza,Pack Gama Planchita Gold + Secador Bora Gold,,149
belleza,Pack Gama Planchita CP14 + Secador Bora Chia,USD,149
apple,,USD,14
apple,Case Reforzado con Magsafe Para iPhone 14,USD,18
apple,Cargador Apple USB-C para iPhone iPad,USD,19
apple,Cable USB-C a Lightning A Apple 1 Metro,USD,20
apple,Cable Apple Cargador Original iPhone Lightning a USB 2 Metros,USD,27
apple,Auriculares Apple con Conexión Lightning Bulk,,27
apple,Cargador Apple 18W USB-C 3A para Iphone Ipad,USD,41
apple,Auriculares Apple EarPods Cable Lightning,USD,148
apple,Lápiz Apple Pencil para iPad,USD,164
apple,Rastreador AirTag Apple (4 Unidades),USD,167
apple,Lápiz Apple Pencil 2 para iPad Pro,USD,191
apple,Auriculares Apple Airpods 2 con Estuche de carga,USD,339
apple,APPLE WATCH SE 2 40MM CELESTE NNET,USD,351
apple,RELOJ APPLE WATCH SE 40MM MNTC3 SILV NNET,USD,369
apple,Reloj Apple Watch Series SE 2nd Gen 40mm Midnight NNET,USD,400
apple,APPLE WATCH SE 2 44MM NEGRO NNET,USD,407
apple,APPLE WATCH SERIES SE 2ND GEN 44M MID NNET,USD,463
apple,"iPad Apple 2021 10.2"" 3GB 64GB WiFi",USD,463
apple,"iPad 2021 10.2"" 64GB 3GB WiFi",USD,504
apple,Reloj Apple Watch Series 8 41mm Aluminio negro NNET,USD,581
apple,IPHONE 11 64GB 4GB NEGRO 6.1 4G NNET,USD,581
apple,IPHONE 11 64BG BLANCO NNET,USD,658
apple,"iPad 2021 10.2"" 64GB 3GB 4G WiFi",USD,672
apple,"iPad 2022 10.9"" 64GB WiFi",USD,672
apple,"Apple iPad 10.9"" 2022 wifi 64GB plateada NNET",USD,672
apple,Apple iPhone 11 64GB blanco NNET,USD,672
apple,Apple iPhone 11 64GB negro NNET,USD,695
apple,"iPad 2021 10.2"" 256GB 3GB WiFi",USD,695
apple,"iPad 2021 10.2"" 256GB 3GB WiFi",USD,700
apple,Apple iPhone 12 64GB rojo NNET,USD,756
apple,"iPhone 11 6.1"" 128GB 4GB Cámara Dual",USD,756
apple,IPHONE 11 128GB 4GB 6.1 IPS LTE BLAN NNET,USD,783
apple,Apple iPhone 12 64GB negro NNET,USD,818
apple,IPAD 10MA GEN. 10.9 2022 64GB 5G SI NNET,USD,902
apple,"iPad 2022 10.9"" 256GB WiFi",USD,902
apple,"Apple iPad 10.9"" 2022 256GB wifi azul NNET",USD,929
apple,Apple iPhone 13 128GB blanco NNET,USD,949
apple,"iPhone 13 6.1"" 128GB 4GB 5G Cámara Dual",USD,1029
apple,"iPhone 14 6.1"" 128GB 6GB 5G Cámara Dual",USD,1087
apple,IPHONE 14 6.1 128/6GB DUAL E-SIM N NNET,USD,1240
apple,"Apple Macbook Air M1 8GB 256GB SSD 13.3"" Retina IPS macOS",USD,1249
apple,MACBOOK AIR M1 MGN63LLA 8 256 13 GRE NNET,USD,1335
apple,MACBOOK AIR M1 8GB 256GB 13.3 ESPA¥OL NNET,USD,1417
apple,"Apple Macbook Air M1 8GB 256GB SSD 13.3"" Retina IPS macOS",USD,1506
apple,Apple iPad Pro 11 2022 wifi 256GB gris NNET,USD,1527
apple,IPAD PRO 11 2022 5G 128 NNET,USD,1612
apple,IPHONE 15 PRO 128GB TITANIO NNET,USD,1640
apple,"iPhone 15 Pro 6.1"" 128GB 8GB 5G Cámara Triple",USD,1644
apple,Apple iPad Pro 11 2022 5G 256GB gris NNET,USD,1666
apple,"Apple Macbook Air M2 Octacore, 8GB, 256GB SSD, 13.6'' Retina NNET",USD,1666
apple,"Apple Macbook Air M2 Octacore, 8GB, 256GB SSD, 13.6'' Retina NNET",USD,1738
apple,"iPhone 15 Pro 6.1"" 256GB 8GB 5G Cámara Triple",USD,1738
apple,"iPhone 15 Pro 6.1"" 256GB 8GB 5G Cámara Triple",USD,1792
apple,Apple iPad Pro 12.9 2022 wifi 128GB silver NNET,USD,1828
apple,MACBOOK AIR M2 8GB 256 15.3 NEGRO NNET,USD,1901
apple,Apple iPad Pro 12.9 2022 wifi 256GB silver NNET,USD,1983
apple,"Apple Macbook Pro M2 Octacore, 8GB, 256GB SSD, 13.3'' Retina NNET",USD,2004
apple,Apple iPhone 15 Pro Max 256GB blanco NNET,USD,2004
apple,Apple iPad Pro 12.9 2022 5G 256GB Gris NNET,USD,2148
apple,Apple iPhone 15 Pro Max 256GB azul NNET,USD,2717
apple,"Apple Macbook Pro M3 Pro 8-core, 8GB, 512GB SSD, 14.2'' Retina NNET",USD,2898
apple,"Apple Macbook Pro M3 8-core, 8GB, 512GB SSD, 14.2'' Retina NNET",USD,4150
apple,"Apple Macbook Pro M2 Max 12-core, 32GB, 1TB SSD, 14.2'' Retina, Español NNET",USD,4201
apple,"Apple Macbook Pro M3 Pro 12-core, 18GB, 1TB SSD, 14.2'' Retina NNET",USD,6320
liquidacion,,,1299
liquidacion,Ventilador de Pie Xion XI-V50 3 Velocidades con Control Remoto,$U,37
liquidacion,Afeitadora Gama Barber Style GM593 con 20 Accesorios,USD,1499
liquidacion,Estufa Halógeno James CHE 1200 1200W 3 Temperaturas,$U,1500
liquidacion,Juego Mezcladora James para Cocina,,1900
liquidacion,"Parlante Portátil Link Bits 12"" 28W con Micrófono y Control",,49
liquidacion,Tableta Digitalizadora Genius EasyPen i405X,$U,57
liquidacion,Juego Mezcladora James para Ducha,$U,89
liquidacion,"Tablet Lenovo ThinkPad Tablet 2 10"" 32GB 2GB DualCore",USD,99
liquidacion,Tableta Digitalizadora XP-Pen Deco mini7,,4990
liquidacion,Horno Eléctrico James HJT-45 45 Litros 1650W con Timer,USD,125
liquidacion,TV Asano 32'' HD LED con Sintonizador Digital,,159
liquidacion,"Tablet Amazon Fire HD 10 10.1"" 32GB 3GB 5MP",USD,199
liquidacion,"Monitor Gamer Perseo 27"" FHD 200Hz 1ms",,220
liquidacion,ASPIRADORA XIAOMI VACUUM E10 OUTLET,USD,299
liquidacion,Campana James Plana 90 Inox CH 230W 3 Velocidades,,385
liquidacion,Parlante Philips TAX3705 200W Bluetooth,$U,387
liquidacion,Campana James Plana 90 Inox 230w 3 Velocidades,USD,465
liquidacion,Combo James Cocina C105 + Campana 60 + Microondas J20,USD,467
liquidacion,Combo James Cocina C105 + Campana 60 + Microondas J20,USD,499
liquidacion,Horno de Empotrar Futura HE750 65 Litros,USD,499
liquidacion,"Notebook Gateway GWCC51416 Core i5 8GB 256GB 14.1"" Touch Win11",,599
liquidacion,Combo Thompson Heladera 213 Litros + Cocina + Campana + Microondas,USD,740
